ref:US-TX:thc,ref:hmdb,name,original_thc_latitude,original_thc_longitude,current_estimated_latitude,current_estimated_longitude,current_verified_latitude,current_verified_longitude,other_note_text
3,,C Ranch House,32.194889,-102.341586,32.1948611852881,-102.342245093009,,,
4,,El Castile (Old Waggoner Home),33.234243,-97.577889,33.2342556173025,-97.577234391495,,,
5,,Hard Scrabble,29.621585,-97.960928,29.5666778642029,-97.9607080435808,,,
17,,8 Medallions on Officers' Row Quarters,29.310515,-100.417859,29.3058821911775,-100.422267393431,,,
21,,Britt Johnson,33.188246,-98.618643,33.1880228692444,-98.6183263111894,,,
23,,1860 Temporary Headquarters of Gen. Robert E. Lee,29.788223,-98.728697,29.7882093378132,-98.7287082826267,,,
37,,"Second Armored Division, U. S. Army",31.137632,-97.75038,31.1374857790878,-97.7486369185473,,,
40,,50th Anniversary of Battle of Galveston,29.444861,-96.94249,29.4448574997522,-96.9430185970554,,,
43,,Andrew Herron Home,29.570641,-97.978163,29.5706067970505,-97.9781556342343,,,
48,,A. B. Medlan Home,,,33.0383936312112,-98.6163327245013,,,
51,,"A. C. Schreiner, Jr. Home",30.049345,-99.14471,30.049093157749,-99.1446322299382,,,
60,,Old Ball Home,29.295978,-94.791794,29.2959102358763,-94.7919629026202,,,
83,,Adams-Shaw House,31.694354,-98.995114,31.6935863892457,-98.9948659414725,,,
87,,Administration Building,31.454104,-100.427814,31.4546023068051,-100.426692598732,,,no text (RTHL medallion)
90,,Adrian Building,31.140602,-102.217622,31.1373746586871,-102.218004270049,,,
93,,At the Forks of the Agua Dulce,27.838403,-97.852594,27.8389972872098,-97.8530496170179,,,
114,,Alfonso Steel,31.693699,-96.479579,31.6923702802253,-96.4810421346244,,,
115,,Alfred Lane,32.947339,-98.215502,32.9400533622021,-98.189359164666,,,
121,,Allan Jefferson Rogers,31.498978,-96.371842,31.4986756248217,-96.371732892231,,,
122,,Allen Caruthers,28.985744,-97.397764,28.9873319908412,-97.3977710086346,,,
135,,Althea School,30.766473,-97.321197,30.7666904782096,-97.3211225323819,,,
138,,"Alvord Lodge No. 512, A. F. & A. M.",33.35853,-97.69495,33.3589635076802,-97.6947720817579,,,
140,,Amarillo,35.191425,-101.927776,35.191272598712,-101.92730530274,,,
142,,Amarillo,,,35.191272598712,-101.92730530274,,,
143,,Amarillo,,,35.191272598712,-101.92730530274,,,
151,,Amity Cemetery,32.047271,-98.89701,32.0471330545256,-98.8958327431962,,,
169,,Ann Waggoner Hall,32.7310922776274,-97.2806245725304,32.7310501978597,-97.2808565942679,,,
170,,Anneville School,33.1266,-97.565168,33.1265610060399,-97.5656432827958,,,
174,,Antelope Cemetery,33.443986,-98.360273,33.4454514660519,-98.361029301224,,,
175,,Antelope United Methodist Church,33.441498,-98.371125,33.4414380196019,-98.3713979494096,,,
177,,Aqueduct,29.333401,-98.460891,29.332818957605,-98.4616744176476,,,
191,,Archer County Courthouse,33.595083,-98.625312,33.5951072996056,-98.6252381989433,,,
233,,Audubon,33.390452,-97.615656,33.3905433871747,-97.6155201476105,,,
236,,August Ebers House,30.137442,-98.819487,30.1371623354989,-98.8194894418864,,,
271,,Brummett Cemetery,31.79054,-97.94061,29.0712164083204,-98.8116750366887,,,
289,,Band Stand,28.799329,-97.006672,28.7997853804916,-97.0064875887819,,,
302,,J. G. Barbee House,31.954575,-97.982023,31.9543543756659,-97.9820045454359,,,
311,,Barrow Ranch House,31.952327,-102.408168,31.9523563386681,-102.416714041129,,,
317,,Battle Cemetery and Community,31.519388,-96.87189,31.5514116870699,-96.8916731723412,,,
320,,Battle of Adobe Walls,35.878398,-101.158597,35.8783836414811,-101.158583564225,,,
334,,Battle of the Little Wichita,33.598826,-98.672785,33.5982880854431,-98.6726664092865,,,
362,,Bellevue-Cheapside,29.250181,-97.405256,29.2499034159804,-97.4048141099819,,,
377,,Fred Metzger House,29.347899,-99.140112,29.3501686266127,-99.1399859993046,,,
380,,Berry-Vickrey House,30.954205,-97.534671,30.9529987220623,-97.5354404267721,,,
392,,Bethel Salter A.M.E. Church,32.35213,-97.380805,32.3518064483412,-97.3805810376235,,,
405,,Biggio-Kowalski-De La Garza House,27.505593,-99.499345,27.5058331665806,-99.5122376393792,,,
423,,Black Springs,32.962012,-98.159626,32.9620284508702,-98.1596183905274,,,
424,,Black Springs Cemetery,32.960983,-98.159454,32.9609696056478,-98.15945343559,,,
440,,Blue Ridge Baptist Church,31.269987,-96.740189,31.2699696195169,-96.7401853035182,,,
442,,Bluff Dale Tabernacle,32.347828,-98.02101,32.3483110020379,-98.0210630867772,,,
448,,Boling,29.2628,-95.939816,29.2649196045267,-95.9437317233164,,,
469,,Dr. James West Bostick,29.779875,-96.159791,29.7798724093799,-96.1597789974585,,,
473,,Bowden Kennon House,32.440035,-97.793078,32.4402094980589,-97.7922624740864,,,
492,,The Braschler House,29.715308,-98.085407,29.7142141414623,-98.084421264158,,,
498,,Breckenridge Stephens Walker Home,32.759231,-98.89082,32.7597242560841,-98.8901907393671,,,
502,,Breustedt Kitchen,29.709175,-98.096416,29.7089842948443,-98.0963908873314,,,
504,,Briar Creek Cemetery,33.525795,-97.893637,33.5262139259897,-97.8936458231926,,,
510,,Bridwell Park,33.479947,-98.446406,33.4796875479257,-98.4465830113887,,,
511,,Brin House,32.014473,-97.125636,32.0146436108819,-97.1249118643671,,,
532,,Brown House,29.498133,-97.445605,29.4981181939207,-97.4446438479682,,,
533,,Brown House,29.498133,-97.445605,31.8391724514817,-100.977282799907,,,
547,,Brushy Cemetery,33.529645,-97.802322,33.5298745892549,-97.803108568431,,,
549,,Brushy Mound,,,33.593595265731,-97.9181983588843,,,
580,,Bustamante (Rancho Las Comitas),27.00082,-99.112443,27.0009565676194,-99.111967702723,,,
594,,C.C. Abney House,31.061176,-98.186586,31.0638552858732,-98.1845876770273,,,
618,,Cable Tool Rig,32.757844,-97.067681,32.7572244814998,-97.0697285655941,,,
629,,California Camp,28.70992,-100.506677,28.7085487747279,-100.506325202641,,,
631,,Call Field Monument,33.964354,-98.49167,33.964331055453,-98.4916252792768,,,
645,,The Camino Real,31.689063,-106.326491,31.7620871835249,-106.509238704215,,,
647,,The Camino Real,31.689063,-106.326491,31.7620871835249,-106.509238704215,,,
656,,Camp Colorado Guard House,31.882886,-99.26417,31.8832745346276,-99.2648932074274,,,
667,,"Camp McMillan, C.S.A._Texas Civil War Frontier Defense",31.19543,-98.716978,31.1956590124007,-98.7169488249738,,,
677,,Camp San Fernando,27.553482,-97.836955,27.553556313535,-97.8367841169955,,,
678,,Camp San Saba Masonic Lodge,30.997207,-99.258189,30.9972987011152,-99.2582890478553,,,
680,,Camp Verde Barracks,29.89067,-99.121798,29.8907099885688,-99.1217676497491,,,
683,,Camp-Ezell House,28.404168,-97.763774,28.4039545740477,-97.7641367079967,,,"THC records this marker as missing, but it is mapped in OSM by another user (TravGW, node 6253987319), so it is not ours to remove. The marker is not present in hmdb.org, so the missing status is unverified. Reviewed 2026-08-15."
700,,Canann Baptist Church,31.554757,-97.570065,31.5547543080866,-97.5700479493798,,,
707,,Captain A.C. Jones,28.485411,-97.777197,28.4846656039271,-97.778516368933,,,
708,,Captain Andrew Caddell,,,31.0033027806662,-97.4397332785803,,,
715,,Captain Henry C. Lyon,32.762898,-100.374377,32.7631063445798,-100.373733330487,,,
719,,Captain James Cunningham Home,31.743686,-98.522454,31.7429123507236,-98.5226371539826,,,
723,,Site of the Home of Captain John York,28.941202,-97.381994,28.941788404312,-97.3836045282695,,,
726,,Captain W. E. Heard Home,29.402313,-96.234471,29.4029970805559,-96.2335788015088,,,
734,,Carousel,32.756074,-97.069907,32.7559938948169,-97.0706332158444,,,
735,,Carr's Chapel,33.925774,-101.513302,33.9257363144768,-101.513317594909,,,
757,,Castro County,34.536737,-102.301394,34.5366863359974,-102.301323048115,,,
761,,Catholic Church,29.314162,-100.419454,29.3134621610397,-100.417220166734,,,
763,,Historic Cattle Dipping Vat,27.553482,-97.836955,27.5535655622895,-97.8367749088566,,,"THC records this marker as missing, but it is mapped in OSM by another user (TravGW, node 6206876805), so it is not ours to remove. The marker is not present in hmdb.org, so the missing status is unverified. Reviewed 2026-08-15."
772,,Cedar Log Cabin Museum,31.194841,-98.712989,31.1941573316972,-98.7119256370015,,,
773,,Cedar Point School,32.262138,-98.030244,32.2626256477379,-98.0301729418044,,,
785,,Center Point Cemetery,33.742325,-97.564042,33.7425726585429,-97.5640159569599,,,
805,,Chapel and School House,31.453495,-100.430648,31.4531707258839,-100.42842487242,,,no text (RTHL medallion)
809,,Charles A. Westbrook Plantation,31.353529,-97.174811,31.3603924840727,-97.204728075384,,,
811,,"Curry, Charles Boothe",31.387225,-102.347797,31.3861044023258,-102.347213771612,,,
812,,Charles Carl Winkler House,29.378089,-98.183204,29.3789290542472,-98.1829356124756,,,
814,,Charles Goodnight,32.962012,-98.159658,32.9620149487869,-98.1596197322827,,,
828,,Site of Childers-Shanklin Mill,30.999966,-97.502053,31.009437348827,-97.5061176987308,,,
832,,China Spring Cemetery,,,31.6530334881244,-97.3165053250687,,,
862,,Church of the Redeemer,28.713183,-100.502965,28.7132977268941,-100.503034451067,,,
863,,Church of the Visitation,31.121909,-97.113791,31.1225296041504,-97.1162774935756,,,
870,,Citizens National Bank of Lubbock,33.582438,-101.848505,33.5828393466259,-101.848052721572,,,
871,,Citrus Fruit Developed in Rio Grande Valley - Red-Meat Grapefruit,26.155057,-97.961794,26.1550616987414,-97.9618146724353,,,
877,,City View School,33.935597,-98.55316,33.9347887221346,-98.5528886661333,,,
911,,Clay County Courthouse,33.816747,-98.196126,33.8161089497274,-98.1957420954999,,,
912,,Clayco #1 Oil Well,,,34.0491186221275,-98.9247651120456,,,
918,,Cleveland-Anson House,31.754943,-99.564207,31.7549215689256,-99.5642174184507,,,
938,,Cole House,31.988534,-98.033176,31.9883246877643,-98.0333224826545,,,
939,,Cole-McNeill-Jones House,33.573573,-101.051609,33.5735478225768,-101.051497346728,,,
948,,Old Collin County Courthouse,33.197266,-96.614813,33.1976830973778,-96.6152065256073,,,
969,,Colonization of the Lower Rio Grande Area,26.903599,-99.264641,26.9024818766637,-99.265794451184,,,
977,,The Colorado County Citizen,29.705115,-96.541023,29.7053025163919,-96.5410161855113,,,
1009,,Community of Egypt,29.39744,-96.234377,29.4037602824249,-96.2334999393283,,,
1016,,Compton-Zapp House,29.904935,-96.677594,29.9051479356121,-96.6775526915692,,,
1021,,Condor House,31.846788,-96.797585,31.8480059087317,-96.7990859553453,,,
1029,,Confederate Soldiers,32.34691,-97.385923,32.3470943203414,-97.3859843845736,,,
1031,,Confederate Veterans Memorial of Mills County,31.449787,-98.569531,31.4500124605739,-98.569738197754,,,
1034,,Concordia Cemetery,31.781561,-106.449438,31.7814463882055,-106.447945792448,,,
1037,,Boyhood Home of Tom Connally,31.293834,-97.235746,31.2937573429363,-97.2357530782405,,,
1043,,Content Cemetery,32.030882,-99.735241,32.0310065657008,-99.7351548678756,,,
1045,,Conway Community Church,35.34449,-101.378916,35.3455265195764,-101.379573870222,,,
1050,,Cook Home,28.398371,-97.732767,28.4005368088616,-97.7293381872538,,,
1051,,"Old Cook Home, 1861",31.057683,-98.176429,31.0588672132414,-98.175597414093,,,
1060,,Coryell Baptist Church,31.478407,-97.548133,31.4781897545059,-97.5479469408009,,,
1063,,Coronado High School,33.565889,-101.915273,33.5647415960197,-101.915302795495,,,
1073,,Cottage Hill Methodist Church and Cemetery,33.310024,-96.710286,33.3102346383365,-96.7108327029336,,,
1075,,Cottle County,34.052846,-100.201855,34.0530542305685,-100.201688991287,,,
1104,,John Robert Craddock,30.88604,-97.263393,30.8856926146029,-97.2650791228617,,,
1106,,Gus Cranz Mansion,29.68021,-96.910811,29.68038247348,-96.9112484367711,,,
1119,,Cross Cut Cemetery,32.02313,-99.131301,32.0234469358009,-99.131470842256,,,
1129,,Culp Krueger,29.195443,-96.268089,29.19605636763,-96.2685094797161,,,
1133,,Cunningham Family Reunion,31.787957,-98.532188,31.7879323184229,-98.5322133792324,,,
1138,,Cypress Creek Cemetery,30.0192,-98.986467,30.0191880077269,-98.9864514533019,,,
1144,,D. L. Harris House,32.09505,-98.339327,32.0954806578667,-98.3393769625377,,,
1156,,1st North Dakota Infantry,26.142198,-97.911401,26.1420961678941,-97.9119895012336,,,
1162,,Dan Cobb Home,32.724296,-102.648275,32.7242865925011,-102.648270976262,,,
1169,,Daniel-Harris Home,32.443147,-97.791095,32.4431492109418,-97.7911766997077,,,
1170,,Homesite of Fannie Baker Darden,29.706601,-96.541432,29.7066120074261,-96.5437890985229,,,
1174,,Davidson Cemetery,31.404887,-97.614437,31.4045309725846,-97.6140165351061,,,
1220,,Dickens County Courthouse,33.621313,-100.836338,33.6213017449162,-100.836303300459,,,
1222,,Edward Dickinson,29.509601,-97.459501,29.5088726445156,-97.4575996453879,,,
1256,,Dorsey Home,31.998829,-102.072055,31.9991431196355,-102.072178614312,,,
1260,,Doublin Inn,,,32.0855638627169,-98.3429499731631,,,
1265,,Dr. Charles Newton Gould,35.556148,-101.645916,35.5561322053723,-101.645923687596,,,
1268,,Dr. Ferdinand Ludwig Von Herff,,,29.7804966837405,-98.7151752488647,,,
1274,,Dr. P. D. Coulson,31.809904,-100.940917,31.8099213041594,-100.940904617059,,,
1275,,Dr. Peter Gunsolus,32.755375,-98.896939,32.755678038112,-98.8971734722785,,,
1276,,Dr. Riley Andrew Ransom,32.796611,-97.290048,32.7954385398931,-97.2903905846191,,,
1278,,"Dr. Samuel Hiatt Burnside, Mary Margaret Grice Burnside",33.911999,-98.507147,33.9117218258683,-98.5071018067521,,,
1299,,Dunlap House,26.155893,-97.822162,26.1558377636376,-97.8221831572886,,,
1304,,Durham Ranch House,31.749589,-98.036354,31.7495927425757,-98.0358825551929,,,
1307,,Dutart-McDowell Home,28.980801,-96.648127,28.9806192601539,-96.6485732821272,,,
1311,,Dye Mound Cemetery,33.621662,-97.600392,33.6222091810728,-97.6020538030031,,,
1324,,Eagar House,29.420209,-98.488105,29.4195213783603,-98.4880128461765,,,"THC records this marker as missing, but it is mapped in OSM by another user (TravGW, node 6541326022), so it is not ours to remove. The marker is not present in hmdb.org, so the missing status is unverified. Reviewed 2026-08-15."
1329,,Eagle Springs Baptist Church,31.351277,-97.477168,31.3512802058773,-97.4771448576165,,,
1334,,Earle-Harrison House,31.567681,-97.187234,31.569273099557,-97.1481895730736,,,
1343,,Cambridge,33.816747,-98.196126,33.816077113368,-98.1957247366656,,,
1366,,East Mount Cemetery and School,33.156582,-97.779465,33.1563956618237,-97.7797127339242,,,
1368,,East Terrace,31.56424,-97.169244,31.5674119930121,-97.1342683089813,,,
1376,,Echo Stagecoach Depot and Post Office,28.162666,-97.894731,28.1625999824172,-97.8947161602694,,,
1378,,Eckhardt Ranch House,28.962949,-97.556376,28.962768453197,-97.5570895930984,,,
1392,,Edna Hill Community,31.954676,-98.327977,31.954662955024,-98.327493147911,,,
1415,,El Fortin de la Cienega,29.802326,-104.209104,29.8023197820511,-104.209123446389,,,
1417,,El Fortin del Cibolo,29.86196,-104.333551,29.8619396073389,-104.333514661722,,,
1428,,El Paso First Ward Chapel,31.788315,-106.451342,31.7886286825643,-106.450889682307,,,
1438,,El Paso and Southwestern Railroad Building,31.761006,-106.487625,31.7615153935615,-106.487938387997,,,
1445,,Ele B. Baggett Home,31.082531,-97.45884,31.0660979294671,-97.4598906535695,,,
1451,,Elijah Stapp,29.033584,-96.708443,29.0335474192835,-96.7085950609635,,,
1457,,Elizabeth Crockett,32.441701,-97.685577,32.4401291144178,-97.6840491387933,,,
1458,,Elkins Cemetery,31.595468,-98.880107,31.5955522198047,-98.8798632392326,,,
1459,,Kin Elkins Home,31.895811,-99.29056,31.8958095680354,-99.2905200004501,,,
1460,,Elliott Ranch,31.221169,-101.939563,31.2208786128078,-101.939558446167,,,
1462,,Ellison Family Graveyard,32.23507,-98.629683,32.2352798912238,-98.6296269494859,,,
1463,,Ellison Springs,32.23507,-98.629683,32.2352798912238,-98.6296269494859,,,
1466,,Elm Tree Inn,34.537259,-101.765973,34.53723647781,-101.76589569091,,,Medallion only.
1474,,Emil Reiffert House,29.098405,-97.291069,29.0987740148265,-97.2910057958914,,,
1481,,Emory Home,32.263992,-97.174691,32.265980750576,-97.1746676211465,,,
1501,,Espantosa Lake,,,28.583600589648,-99.8099084487754,,,
1513,,Evergreen Cemetery,31.447162,-97.351054,31.5141638262406,-97.3177511739887,,,
1525,,F. M. Burns Home,32.390634,-100.864654,32.390694046202,-100.864174614235,,,
1552,,Fairview Cemetery,31.874807,-99.178308,31.8746271854447,-99.1784717733298,,,
1564,,Faltin Homestead,29.966845,-98.908851,29.9661285287233,-98.9087409910057,,,
1567,,Famous Lavaca-Navidad Meeting of 1835,28.98081,-96.648127,28.9805289997009,-96.6480206629439,,,
1573,,Farmers and Merchants National Bank,33.790962,-97.72421,33.7894678565583,-97.7274228303446,,,
1586,,Fellrath Building,31.056546,-97.462944,31.0570089547347,-97.4625708977958,,,
1591,,Ferguson Home,31.103255,-97.343246,31.1032299017444,-97.3431814789338,,,
1597,,First Taylor County Jail - Courthouse,32.283096,-99.827763,32.2860563869149,-99.8276098688965,,,
1601,,First Baptist Church,28.523078,-99.862054,32.405921797461,-100.71266815421,,,
1603,,First Baptist Church,28.523078,-99.862054,28.5229907874464,-99.8618993200438,,,
1612,,First Baptist Church of Bangs,31.712232,-99.131294,31.712326012336,-99.1311155829219,,,
1648,,First Baptist Church of Lubbock,33.58396,-101.864612,33.5842830899614,-101.864719838004,,,
1650,,First Baptist Church of Lytle,29.240136,-98.80431,29.240389335115,-98.8044528652191,,,
1665,,First Baptist Church of Plano,33.019608,-96.696219,33.0195368557639,-96.696200837302,,,
1695,,The 1st Cavalry Division,31.139791,-97.772285,31.1397362993289,-97.7725607392722,,,
1705,,First Christian Church Building,31.433965,-97.747383,31.4338888927179,-97.7474744324591,,,
1709,,First Christian Church of El Paso,31.76932,-106.486915,31.7696974840144,-106.486477885866,,,
1714,,First Christian Church of Paradise,33.150318,-97.688457,33.150101192758,-97.6882185279061,,,
1722,,First Comanche County Courthouse,31.897508,-98.604021,31.8975975454223,-98.6048458950388,,,
1730,,Joseph L. Leshikar House,29.938995,-96.396917,29.9380415105607,-96.4054159559814,,,
1738,,"William E. Partlow, First Mayor of Sanger",33.367599,-97.176052,33.365467835466,-97.1746699111775,,,Missing
1742,,First Methodist Church,32.390404,-100.864362,32.3903328386122,-100.864560421421,,,
1759,,First Methodist Church of Holliday,33.812283,-98.692144,33.8122886317813,-98.692365602191,,,
1764,,Paint Rock Methodist Church,31.509252,-99.922307,31.5064752183564,-99.9225559153376,,,
1776,,First Methodist Church of Winters,31.958837,-99.964323,31.9587586769323,-99.9643038445897,,,
1779,,First National Bank,34.38468,-103.040507,34.3846540089624,-103.040509213838,,,
1800,,First National Bank of Saint Jo,33.69564,-97.522214,33.6958167713267,-97.5225420719153,,,
1803,,Original Site of First Oil Mill in Texas,,,29.7192746506485,-96.9258390630807,,,
1808,,First Permanent Building in Big Spring,32.253562,-101.47809,32.2535897891486,-101.477327993594,,,
1810,,First Pharr-San Juan-Alamo School,26.193827,-98.175379,26.1928698754224,-98.1754287459305,,,
1812,,First Post Office in Midland,31.996922,-102.073713,31.9972682691457,-102.073677973212,,,
1825,,First Presbyterian Church,35.431345,-101.173768,35.4314074348858,-101.173760420615,,,
1848,,First Presbyterian Church of Temple,31.102275,-97.339724,31.1026386027492,-97.3398247140004,,,
1857,,First Protestant Church,29.700992,-98.123006,29.7010636770551,-98.1224749146291,,,
1858,,First Public School in Lampasas,31.068117,-98.181432,31.0686607107797,-98.1814583222487,,,
1863,,First School House,30.207238,-99.669917,30.2071629817196,-99.6691902129455,,,
1869,,First State Bank,32.411528,-100.7124,32.4113208700475,-100.712087405002,,,
1882,,First United Methodist Church of Belton,31.057278,-97.462454,31.0587444006546,-97.4618143127205,,,
1905,,Flat Rock Cemetery,33.332977,-97.612526,33.3251702923464,-97.6101992853784,,,
1907,,Flatonia Baptist Church,29.686394,-97.105728,29.6858710178531,-97.1056356444446,,,
1908,,Flatonia City Hospital and Opera House,29.687004,-97.108641,29.6865972272003,-97.1088180396567,,,
1913,,Fleming T. Wells,29.510761,-97.63156,29.4784523580378,-97.3085077491752,,,
1918,,James A. Fletcher House,31.111858,-97.341001,31.1120680315586,-97.3409153291132,,,
1919,,Omar L. Fletcher Home,31.110842,-97.341298,31.1113162938996,-97.3414488342043,,,
1948,,Former Hidalgo Post Office,26.098456,-98.262659,26.0993829626306,-98.2621575680014,,,
1959,,Fort Belknap,33.169313,-98.837629,33.1513337548661,-98.7400849462875,,,
1990,,Fort House,31.541946,-97.139535,31.5540230361013,-97.1270041138792,,,
2000,,Fort Milam,,,31.2333458090677,-96.9391046103541,,,
2001,,Fort Parker,31.547139,-96.549969,31.5641076259313,-96.5476148212259,,,
2014,,"Fort Sam Houston, 4th U.S. Army Headquarters Quadrangle",29.443088,-98.463009,29.4433051493598,-98.4610920259057,,,
2019,,"The Fort Smith-Santa Fe Trail Marcy Route, 1849",35.463998,-101.63583,35.4640447774576,-101.635804307517,,,
2046,,Francis Menefee White,28.884333,-96.603868,28.8793058906011,-96.6104350762432,,,
2055,,Frazierville Community and School,31.985357,-97.087113,31.9856173859412,-97.0867833453033,,,
2056,,Fred Beck Homestead,31.462461,-100.418414,31.4623346063775,-100.417729011599,,,
2076,,Frye-Puryear Home,35.479351,-100.139451,35.4793190441152,-100.139308283279,,,
2086,,"G. C. and Clara Mick Home, 1909",29.275376,-95.963492,29.2753722559304,-95.9633699819512,,,
2099,,The Gallagher House,32.087118,-98.340427,32.0872586916642,-98.3401030787274,,,
2154,,The George Butler - Jesse Harrison House,31.54007,-97.107218,31.5698878871744,-97.1192758755818,,,
2159,,George Rice Bevers Homesite,32.94036,-98.214462,32.9402249283037,-98.2139409710642,,,
2164,,George W. Davis,29.292323,-97.351845,29.2922936299888,-97.3518323183742,,,
2174,,German Methodist Church/First Fire Station,31.739417,-99.943758,31.7395830621663,-99.9436431300769,,,
2178,,German-English School,29.420416,-98.488262,29.4202507283097,-98.4889398812075,,,
2189,,Glen Flora Plantation,29.35711,-96.174937,29.3571196556217,-96.1749505579847,,,
2217,,Gonzales College,29.502008,-97.447313,29.5019787577412,-97.4467968955315,,,
2221,,Battle of Gonzales,29.49605,-97.467576,29.5006923921583,-97.4531216617646,,,
2224,,Goodall Cemetery,31.582981,-97.331058,31.6748785562116,-97.4204019398673,,,
2244,,Granbury Methodist Church,32.465957,-97.788872,32.4665422342674,-97.7888125625781,,,
2258,,Francis Marion Graves Home,31.705883,-98.123941,31.7068266163273,-98.1242839730725,,,
2261,,Gray County 50th Year Anniversary,35.536303,-100.964116,35.5363031698996,-100.963591107277,,,
2270,,William Marion Green,32.392066,-100.839596,32.3920589599765,-100.839651769521,,,
2275,,Greenwood Baptist Church,32.027303,-101.89718,32.0274855674196,-101.895955290499,,,
2276,,Greenwood Cemetery,31.572807,-97.112088,31.5728278398389,-97.1120591323635,,,
2288,,Groppe Barn,31.739482,-97.062917,31.7572953214186,-97.0788912349903,,,
2290,,Grotto of Our Lady of Lourdes,25.918833,-97.508647,25.91884195671,-97.5086687727465,,,
2311,,H. & T. C. Railroad,,,31.5620821993957,-97.1264040432094,,,
2315,,"Laging, H. W.",28.915383,-97.60713,28.9159739454503,-97.608926825489,,,
2321,,Hoggett Home,30.444385,-99.822961,30.4450977505378,-99.8228507199836,,,
2328,,Hackfield Farm,30.031788,-96.501491,30.0317800378391,-96.5014303578261,,,
2343,,Capt. Robert Bonner Halley Home,30.951964,-97.535314,30.9527679395533,-97.5346656543866,,,
2359,,Hanging Oak,31.910261,-98.60202,31.8981210153207,-98.6188285989358,,,
2361,,Hanisch House,29.961596,-98.918386,29.9660532151671,-98.9178248053692,,,
2374,,Hardscramble,29.634591,-97.881245,29.634473173471,-97.8810306035578,,,
2382,,Harlingen Hospital,26.217769,-97.667945,26.2168166177982,-97.6678873200373,,,
2388,,John Walton Harrington,30.497658,-98.442778,30.497655523097,-98.4427319762186,,,
2413,,Haynie-Embrey House,30.01294,-96.460225,30.0125666242769,-96.4634643705105,,,
2462,,Hermann Sons Home for the Aged,29.940821,-98.928087,29.9408637147486,-98.928829482993,,,
2465,,Hess-Kollatschny Farm House,29.8844,-96.338483,29.8846275322513,-96.3383706370464,,,
2472,,Hidalgo-Reynosa Bridges,26.097101,-98.271389,26.0988706198232,-98.2690066560055,,,
2473,,"Near Site of Hide and Tallow Plant ( King Ranch, 1866-69)",27.532809,-97.956216,27.532979938245,-97.9562131606736,,,
2478,,Highlands Mansion,31.312552,-96.877618,31.3226497275886,-96.8817192022742,,,
2480,,Hill County,32.0116,-97.130414,32.0113296592719,-97.1304310669462,,,
2483,,Hill House,31.310619,-97.323744,31.3054940393497,-97.3627159318169,,,
2485,,Isaac Lafayette Hill,30.10806,-96.690981,30.1087953768533,-96.69180218737,,,
2491,,The Hiram B. Reynolds Property,31.134429,-97.721883,31.1343627359651,-97.7220177864953,,,
2493,,Historic Brick Streets of Stephenville,32.220042,-98.212035,32.2200500905027,-98.2122353976592,,,
2498,,Hittson Cemetery,32.757393,-98.171065,32.7579781645487,-98.1715523055403,,,
2500,,"Hix Ranch House, 1870",29.785046,-99.16891,29.7850506077599,-99.1688979965801,,,
2505,,Hodge Cemetery,31.090416,-97.381128,31.0886855280787,-97.3811151444616,,,
2506,,Hodges-Hardy House,33.909187,-98.489867,33.9074395139063,-98.4919310233118,,,
2507,,Hoyle Cabin,31.566255,-97.184007,31.5784426056479,-97.1527485357087,,,
2508,,Holderness-Aiken House,32.443137,-97.790137,32.4430922931662,-97.7907669277718,,,
2510,,Holman House,31.594809,-102.878333,31.59486256748,-102.878240311985,,,
2526,,Home of Bertha Dalton,29.216014,-99.788903,29.2170446154116,-99.7896381656844,,,
2543,,Homer Robert Henderson,31.881962,-102.298295,31.8833466683655,-102.297685598839,,,
2548,,Homestead of Knud S. Knudson,31.792864,-97.722486,31.7929851617469,-97.7226425099345,,,
2550,,Veda Wells Hodge,31.715583,-98.98743,31.7158237147901,-98.9878678558256,,,
2562,,Site of Hopkinsville,,,29.7572251551406,-97.3117147024024,,,
2566,,Horsehead Crossing of The Pecos,,,31.422075963447,-102.357367865033,,,
2578,,Hough-Haven,30.017528,-100.208947,30.0179553594906,-100.208664604212,,,
2584,,Howard L. Bass Home,26.378363,-98.818165,26.3780257884288,-98.8177718822165,,,
2593,,Huff Family Massacre,33.346663,-97.66894,33.3442885350791,-97.6684852976634,,,
2595,,Huling Cottage,31.068393,-98.705277,31.0662267800906,-98.1811582291543,,,
2596,,Humphreys House,29.576727,-97.964825,29.576809671224,-97.9653562220508,,,
2605,,Hutson B. Littlefield,29.438913,-97.265376,29.4410194693155,-97.2620789546238,,,
2615,,Idlewilde Lodge,29.966355,-98.882805,29.9674839226916,-98.8830716765033,,,
2623,,Immanuel Lutheran Church,31.172386,-97.929698,31.1727793753777,-97.9299049393772,,,
2639,,Indian Sites on Cypress Creek,30.028215,-98.979994,30.0282061600158,-98.9799913563888,,,
2659,,Isham Chapel Methodist Church,32.819681,-97.177098,32.820230189127,-97.1776551101664,,,
2664,,J. U. Fields Home,33.161017,-99.733883,33.1609608973433,-99.734082423812,,,
2665,,Home County of Famous Frontiersman J. Wright Mooar,32.680088,-100.914922,32.7169814300327,-100.918203382356,,,
2666,,J. A. Adkins House,31.068178,-98.168267,31.0661586334059,-98.1677470133555,,,
2670,,Old J. C. Traylor Place,28.980449,-96.647674,28.9806192601539,-96.6485732821272,,,
2671,,J. D. Cooper House,32.734004,-97.092759,32.7350921477718,-97.0925288991399,,,
2675,,J. F. Warnock Hardware,32.348764,-98.020681,32.3511786334782,-98.0210999444653,,,
2684,,J. T. Baker House,32.159342,-97.389536,32.1591462728005,-97.3901485141694,,,
2686,,J. W. Fannin,28.667672,-97.391515,28.6673932756382,-97.3909057403419,,,
2688,,J. W. Park Home,32.163325,-97.147255,32.1632862055842,-97.1473661062667,,,
2692,,John L. Jones Ranch,30.572155,-99.555801,30.5723678122168,-99.5559023779697,,,
2694,,Johnson Fork Colony,30.360431,-99.632988,30.3605011999519,-99.6330742794638,,,
2709,,Jacob Frederick Elsasser,33.365132,-97.17557,33.3647656042683,-97.1758906766591,,,
2718,,Texas Ranger Captain James Cunningham,31.76932,-98.520718,31.7701954067367,-98.5205161479712,,,
2719,,James D. Owens,29.510761,-97.63156,29.478400405325,-97.3084681866446,,,
2732,,James Petty Flynt,31.716148,-99.965823,31.7166976325422,-99.9660301998908,,,
2739,,James Washington Winters,29.0718,-98.81255,29.071799410516,-98.8125372784251,,,
2750,,Jesse Sumpter,28.708608,-100.50167,28.7209017014057,-100.489538255391,,,
2751,,Jesse Walling,31.940013,-97.314915,31.9403748451951,-97.3141416540122,,,
2759,,Joe A. Kelley Home,29.541825,-99.528412,29.5415352197316,-99.5283974456228,,,
2761,,Joel Burditt Crain,31.452661,-97.263386,31.4619110697019,-97.2930082240063,,,
2762,,Joel Ponton,29.299999,-96.909505,29.279948528534,-96.9408358614253,,,
2763,,Konrad Joh Log Cabin,30.048214,-96.722421,30.0480930614276,-96.7227518679558,,,
2766,,John A. Kimberlin Residence,,,32.1820086727168,-97.3278725628457,,,
2772,,John C. Walling,31.940013,-97.314915,31.9403748451951,-97.3141416540122,,,
2776,,John E. Gardner Place,31.188251,-101.546565,31.1882602758382,-101.546449702155,,,
2790,,John Karner,31.692105,-96.480139,31.6923702802253,-96.4810421346244,,,
2796,,John P. Cox,32.020284,-97.124161,32.0203884753058,-97.1241470922035,,,
2812,,John Sutherland Menefee,,,28.9765905148815,-96.5375940391999,,,
2818,,John W. Bull Stone House,32.243013,-97.950022,32.2430029928981,-97.9500297537845,,,
2820,,"Hardin, John Wesley",31.910261,-98.60202,31.8981210153207,-98.6188285989358,,,
2821,,John Wesley Malone Home,31.712682,-98.97405,31.7123021581815,-98.9742175931573,,,
2825,,John and Mary Colwick House,31.710075,-97.697399,31.7102930876466,-97.6973547270835,,,
2833,,"Johnson House, 1910",32.846532,-100.842069,32.8465265184181,-100.842080985518,,,
2838,,Johnson-Taylor House,31.564922,-97.184801,31.5680328804745,-97.1464327252379,,,
2839,,Hermann Jonas Homestead,29.85996,-98.31469,29.8598289490229,-98.3148298292426,,,
2840,,Jonathan Doan,34.147498,-99.233187,34.1474923625612,-99.2331340514411,,,
2847,,Augustus H. Jones,29.511115,-97.460128,29.5108073263812,-97.4601186027575,,,
2848,,John Rice Jones,29.984765,-96.634205,29.9847835497951,-96.6341898259092,,,
2855,,Joseph Dennis,31.090416,-97.381128,31.0886855280787,-97.3811151444616,,,
2856,,Joseph Dennis Lands,31.071463,-97.732736,31.070932736436,-97.7316097768651,,,
2876,,Juan Seguin,29.569821,-97.963701,29.5698568451074,-97.963665405432,,,
2885,,Mary Theresa Juergens,,,29.9097142036381,-96.5329638275738,,,
2890,,Jureczki House,29.72053,-99.075393,29.7205179001794,-99.0753659072194,,,
2898,,Kadane Discovery Well,33.859226,-98.839189,33.8602876243976,-98.8388344765276,,,
2907,,Kaulbach Home,29.907977,-96.874649,29.9082241724401,-96.8745592110739,,,
2908,,The Kean Home,32.388686,-98.982369,32.3883679777685,-98.9828413371108,,,
2911,,Kell Field Air Terminal,33.984786,-98.51502,33.9851376473094,-98.5148131378361,,,
2917,,Kemp Public Library,33.906196,-98.488597,33.9056129660119,-98.4893593574119,,,
2931,,Kerr's Settlement,29.510055,-97.431991,29.5080224124341,-97.4310856753503,,,
2973,,David L. Kokernot,29.438913,-97.265376,29.4410194693155,-97.2620789546238,,,
2974,,Near Sites of Kokomo School,32.282749,-98.705781,32.2820044508374,-98.7059451544468,,,
2976,,Kowalski-Dennett Home,25.904766,-97.502042,25.9057341405382,-97.5029592875711,,,
2978,,Kuykendall House,31.307044,-97.364059,31.3070331636734,-97.3640552002021,,,
2980,,L. B. Russell Home,32.006158,-98.481289,31.9044818874477,-98.61241012753,,,
2981,,L. E. Snavely House,26.210723,-97.733597,26.2112556575411,-97.7338975976531,,,
2989,,LS Alamosa Ranch Headquarters,,,35.4951315271154,-102.224241466498,,,
2995,,La Hacienda,31.766312,-106.510619,31.7627394793978,-106.509263045658,,,
2996,,Old La Coma Ranch Headquarters,26.494609,-98.111214,26.4945798452019,-98.1112314629853,,,
2998,,La Lomita Farms,26.186314,-98.28997,26.1546719299548,-98.3256867354274,,,
3006,,La Villita,29.421646,-98.487705,29.421637951024,-98.4878755638161,,,
3007,,Lackawanna Ranch,32.075787,-97.178293,32.0756414507571,-97.178454279013,,,
3023,,Lampasas County Courthouse Site,31.065361,-98.17783,31.0655389075428,-98.1776042455067,,,
3027,,Lampasas Volunteer Fire Department,31.065151,-98.180306,31.0644934275583,-98.1802672682634,,,
3032,,Landrum House,26.044142,-97.695175,26.0436711931927,-97.695517262221,,,
3038,,Largest Pictograph Site in Texas,31.522267,-99.93211,31.5222877207025,-99.9322971652535,,,
3061,,Hamilton Ledbetter House,30.048171,-96.672609,30.0481317521826,-96.6725794112474,,,
3064,,Lee Straley House,31.312775,-98.170518,31.3130884323666,-98.1702259559951,,,
3070,,Lenert House,29.909068,-96.87603,29.9092462978011,-96.876157210762,,,
3077,,Lowell Smith Home,32.230426,-97.400678,32.23315152679,-97.4020016395335,,,
3079,,John Bell Lewis Home,29.948997,-96.259615,29.9490288506389,-96.2595858510759,,,
3099,,Dotey-Kirkham House (Little Old House),32.349086,-97.389636,32.348958020893,-97.3901022028371,,,
3111,,Loma Alta,28.120574,-98.515189,28.1206045716844,-98.5152768383355,,,
3113,,Lon C. Hill Home,26.217769,-97.667945,26.216770037918,-97.6675648516966,,,
3114,,Lone Oak Cemetery,31.661718,-96.904051,31.5772998872771,-96.8900470061245,,,
3118,,Lone Wolf Mountain,32.400644,-100.719509,32.4003096019011,-100.71781743581,,,
3132,,Lost Valley,33.311591,-98.333451,33.3108674931012,-98.3330503190636,,,
3135,,Louis Haller House,29.357528,-98.876987,29.3578074554275,-98.8776065150535,,,
3141,,Lovell-Dobbs House,31.723496,-98.98055,31.7236574941995,-98.9810818651636,,,
3143,,Lt. Gen. Andrew Davis Bruce,31.140992,-97.767654,31.1388980097581,-97.7702656626835,,,
3145,,Ludwig Hein Home,29.966785,-98.90749,29.9663483221467,-98.906557484484,,,
3148,,Lusk House,31.600967,-97.198172,31.5615096160619,-97.133850916038,,,
3151,,Lynn - Hathaway Building,31.735262,-99.951605,31.737608043621,-99.9484651737107,,,
3160,,M.C. Lindsey House,32.726055,-101.959069,32.7261464738613,-101.959458385093,,,
3169,,Mertzon Central School,,,31.2600539621386,-100.823350456396,,,
3181,,Mackenzie Scout Trail,33.585413,-101.845361,33.5846936283338,-101.844078713048,,,
3193,,Major James Kerr,29.058148,-96.732708,29.0584229980305,-96.7337475912209,,,
3197,,Mansfield Methodist Church,32.575234,-97.133952,32.5755335131655,-97.1341419119751,,,
3203,,Marcelina Community,29.193573,-98.089746,29.1935693886612,-98.0896605596976,,,
3214,,Marion Loyd Homestead,32.609275,-97.07773,32.6159560451543,-97.0633589731526,,,
3218,,Market Square,32.343161,-97.386851,32.3449015141627,-97.386341287837,,,
3248,,The Old Masonic Building,29.905074,-96.877381,29.9053566847591,-96.8773884068721,,,
3263,,Maxdale Bridge,30.988528,-97.829846,30.9901609243191,-97.8346817623581,,,
3266,,May-Hickey House,,,29.2611543868155,-97.1449453248763,,,
3267,,Mayberry Park Cemetery,31.037939,-97.807689,31.0369747656612,-97.8078200768755,,,
3268,,John and Ettie Mayfield House,30.87999,-97.407066,30.8801725396011,-97.407143098101,,,
3289,,McDaniel Family Home,31.845454,-96.799465,31.845212640707,-96.7995548974312,,,
3293,,McGee Ranch House,31.525269,-102.524198,31.5252037298488,-102.525175884222,,,
3295,,McGrady Cemetery,33.647625,-97.561854,33.6521283569873,-97.5598147087783,,,
3297,,Daniel McKay,30.816925,-97.332644,30.8182935183158,-97.3327743769725,,,
3307,,McNeill Ranch,33.610344,-101.064162,33.6102614789751,-101.064157366952,,,
3317,,Medlan Chapel Primitive Baptist Church,33.074867,-98.684402,33.0752828698564,-98.6836934618815,,,
3319,,Meerscheidt House,29.91061,-96.875588,29.9107127528681,-96.8756882814846,,,
3320,,Meier Settlement Methodist Church,31.535679,-96.95261,31.509597261809,-96.9138676382152,,,
3326,,Memorial Park,31.790694,-106.456041,31.790205645673,-106.456170499054,,,
3328,,Menard County,30.924345,-99.78411,30.9695745441815,-99.790212296941,,,
3337,,The Menn House,30.068161,-96.693039,30.0678632974426,-96.6909273926595,,,
3339,,Mentone,31.640119,-103.643975,31.7060996747164,-103.598675727732,,,"THC records this marker as missing, but it is mapped in OSM by another user (TravGW, node 6346139652), so it is not ours to remove. The marker is not present in hmdb.org, so the missing status is unverified. Reviewed 2026-08-15."
3343,,Merchant Home,32.31763,-99.35238,32.3108476086487,-99.3608798620887,,,
3344,,Meredith Hart House,32.237809,-97.358119,32.2391385609946,-97.3581344039123,,,
3381,,Miller's Store,29.692645,-97.298309,29.6930135656387,-97.2979825098744,,,
3383,,Millerville Cemetery,32.043173,-98.031733,32.0429298324197,-98.0332981024053,,,
3386,,Million Barrel Tank,31.595578,-102.878463,31.5943492868565,-102.877671750071,,,
3397,,Minters Chapel Methodist Church,32.894238,-97.105512,32.88543614531,-97.0609956276255,,,
3400,,Miss Clara Bussell,32.456357,-99.734903,32.457058618175,-99.7349274700934,,,
3401,,Miss Mae Murfee,33.532114,-101.893079,33.5325900898318,-101.891829229558,,,
3407,,Mission Nuestra Senora de la Purisima Concepcion Del Socorro,31.660125,-106.303273,31.6590358572779,-106.303579868432,,,
3415,,Mission San Jose,29.360346,-98.478887,29.3625704280702,-98.4796904557531,,,
3416,,Mission San Juan Capistrano,29.333963,-98.454553,29.3319654438723,-98.4544117228991,,,
3417,,Mission Santa Cruz de San Saba,30.922292,-99.80266,30.9219915597701,-99.8024111782087,,,
3419,,Missouri Colony,32.970087,-97.031521,32.9700308468787,-97.0325474315753,,,
3421,,Mitchell Bend Cemetery,34.07182,-96.582886,32.3178229495625,-97.6941848883847,,,
3431,,Moffat,31.199748,-97.467542,31.1992560127541,-97.46697221101,,,
3432,,Moline School Site,31.380195,-98.306829,31.3786586382195,-98.3086733750116,,,
3438,,Montague County Trails,33.785302,-97.706365,33.7857454161501,-97.7062259583672,,,
3445,,Montgomery Ward Building,34.183911,-101.704277,34.185509013749,-101.703823779534,,,
3446,,Montgomery-Thatcher Cemetery,29.504645,-96.333405,29.5046550341942,-96.3333669375191,,,
3461,,"Moore, John Creed",31.517055,-97.572262,31.5168797799335,-97.5711015365335,,,
3462,,John Henry Moore,,,29.9829668413637,-96.8322123747213,,,
3466,,Moos Homestead,29.580604,-98.597798,29.5804177612777,-98.5978733151305,,,
3475,,Morris Sheppard Dam and Possum Kingdom Lake,32.873479,-98.427961,32.8731754182083,-98.4275467584216,,,
3477,,"Moses Hughes Home, 1856",31.09099,-98.294385,31.0908234305566,-98.2941741083562,,,
3478,,"Moses Johnson, M.D.",,,28.6193477427152,-96.7250665328312,,,
3496,,Mount Pleasant Baptist Church,31.936364,-98.611567,31.9362321525539,-98.6114966912795,,,
3501,,Mount Zion Baptist Church and Jonestown Cemetery,33.299867,-97.666805,33.2996791646106,-97.6591531950072,,,
3513,,Mrs. Martha Rogers,31.498346,-96.371786,31.4988243621333,-96.3720874152885,,,
3523,,Mud Creek Cemetery,31.820754,-99.192099,31.8207754415488,-99.1918882190394,,,
3526,,Bedstead Truss Bridge (Mulberry Creek Bridge),29.674006,-96.910674,29.6750966938799,-96.9099288678351,,,
3533,,Mullins Cemetery,31.519938,-100.220675,31.5202678709624,-100.219745711515,,,
3547,,Nancy Parker Cabin,32.03724,-99.750977,32.0372348500467,-99.7510226241512,,,
3555,,Navarro Houses,29.424608,-98.497342,29.4231584054331,-98.4974394202901,,,
3560,,Near Homesite of Mabel Gilbert,34.05733,-98.474862,34.0573235432242,-98.47488109818,,,
3563,,Near Route of Famous Cattle Trail,29.654219,-99.753076,29.6519684939184,-99.7551524766073,,,
3579,,Site of New Colony School,30.962573,-97.163323,30.9624568256525,-97.1633165702727,,,
3592,,Nicholas Fagan,28.50712,-97.006513,28.5070963474256,-97.0064763185462,,,
3598,,Noah C. Batis,33.366957,-97.187017,33.3672128308752,-97.1879657554157,,,Missing
3606,,North Brown Cemetery,31.553664,-98.566318,31.5532290914851,-98.5672865514248,,,
3619,,Nueces County,27.801351,-97.396085,27.811925971465,-97.3957066608776,,,"THC records this marker as missing, but it is mapped in OSM by another user (TravGW, node 6204556770), so it is not ours to remove. The marker is not present in hmdb.org, so the missing status is unverified. Reviewed 2026-08-15."
3638,,Cloud Place,30.488235,-99.757778,30.5013992348356,-99.7002335626431,,,
3641,,Old Log Cabin,30.488172,-99.7642,30.4885062782516,-99.7644497526945,,,
3650,,Oak Lawn Cemetery,33.257442,-97.575742,33.257307333101,-97.5761179539221,,,
3666,,Odessa,,,31.8496700732601,-102.374548183988,,,
3672,,Odle Log Cabin,30.909048,-97.552407,31.6240498454301,-97.5499271103484,,,
3673,,Officers Quarters No. 2,31.453495,-100.430648,31.4532446929632,-100.430853848321,,,no text (RTHL medallion)
3675,,Officers Quarters No. 8,31.453495,-100.430648,31.4533315466187,-100.429118801789,,,no text (RTHL medallion)
3676,,Officers Quarters No. 4,31.453495,-100.430648,31.4532793636025,-100.430290809739,,,no text (RTHL medallion)
3685,,Old  Harrison,31.720462,-97.058396,31.5239416179651,-97.0175723167995,,,
3686,,Old Peck House,,,28.6665325200118,-97.401557710793,,,
3690,,Old Binion Home,29.345291,-99.46838,29.3452850285604,-99.4683579289024,,,
3694,,Old Buck Ranch,29.700373,-99.047852,29.7002710128733,-99.0478174057715,,,
3707,,Old City Calaboose,33.824316,-98.193775,33.8263480956732,-98.1941541775707,,,
3710,,Old Close City School,33.192675,-101.378639,33.2112960324119,-101.486859946511,,,
3719,,Old Davenport Home,29.484401,-99.774809,29.4878001055924,-99.7828740886258,,,
3732,,Old Fort Phantom Hill Corn Road,32.464334,-99.518724,32.4643198191004,-99.5187124814695,,,
3734,,Old Garcia Home,26.405466,-99.0187,26.4054612066101,-99.0188100243821,,,
3751,,Old Huling Mansion,31.075832,-98.246633,31.0553897644718,-98.2351819683016,,,
3782,,Old Post Office,29.597504,-99.525047,29.597474019958,-99.5250075957741,,,
3786,,Old Public Water Well,32.35147,-98.020652,32.3518551437673,-98.0207156109751,,,
3787,,Old Railroad Depot,33.140056,-99.736343,33.1400418152715,-99.7363634079033,,,
3788,,Sand Hills Section House,31.634915,-102.815014,31.6349263563191,-102.815032900411,,,
3792,,Ranger Post Office,32.470657,-98.681919,32.4706128177146,-98.6812198836057,,,
3807,,Old Schmidt Home,29.701826,-98.128691,29.7018105757298,-98.1287559509104,,,
3810,,Old Shinoak Springs,32.198301,-98.691082,32.1981755911251,-98.6903548132935,,,
3811,,Texas Christian University,31.520156,-97.150329,31.5680430244283,-97.1636985466967,,,
3814,,Old Somervell County Jail,32.233077,-97.755748,32.2344421438199,-97.756370806092,,,
3815,,Zero Milestone_Old Spanish Trail,29.424581,-98.495126,29.4248807725689,-98.4948515568725,,,
3820,,Old Stanard Home,,,29.7948623159512,-99.2420964250442,,,
3824,,Old Throckmorton Jail,33.054274,-99.622509,33.1781420583475,-99.1808076765819,,,
3829,,Old Walker Homestead,31.566912,-97.18611,31.5671284025551,-97.1863162463793,,,
3849,,Olive Branch Cemetery,33.335632,-97.859192,33.3328984707144,-97.8552701819646,,,
3859,,Omenson House,31.692163,-97.658644,31.6919168604852,-97.6584384182116,,,
3862,,One Hundred Million Barrels of Oil From Block 31 Unit,31.432842,-102.45595,31.4326768068029,-102.455863583404,,,
3874,,Original Site of Valley Mills,31.675597,-97.465443,31.6757332643456,-97.4655900893352,,,
3876,,Orla,31.825524,-103.909034,31.8256471482711,-103.908636130945,,,"THC records this marker as missing, but it is mapped in OSM by another user (TravGW, node 6346139645), so it is not ours to remove. The marker is not present in hmdb.org, so the missing status is unverified. Reviewed 2026-08-15."
3880,,Osage Cemetery,31.517055,-97.572262,31.5171105612314,-97.5721466626976,,,
3885,,Our Lady of Refuge Catholic Church,26.405502,-99.01851,26.4063174565136,-99.0174015323368,,,
3915,,Palava Cemetery,32.578358,-100.338923,32.5776076983711,-100.338662678817,,,
3924,,Pan American Airways Blind Flying School,25.906705,-97.432187,25.9063896044613,-97.4318779217973,,,
3930,,Panhandle-Plains Museum,34.979736,-101.917412,34.980053856184,-101.917579067807,,,
3933,,Panther Gap,32.053036,-100.602307,32.0530922018417,-100.602331988023,,,
3947,,Parmer County Courthouse,34.384783,-103.039602,34.3847425158079,-103.039638890286,,,
3956,,Paul Ingenhuett Home,29.973173,-98.910856,29.9657277298037,-98.9068242461791,,,
3970,,Pecan Grove Baptist Church,31.3932,-97.598286,31.3936388791651,-97.5987474735764,,,
3978,,Pendleton,31.197277,-97.35299,31.1962562585056,-97.3514678937153,,,
3979,,Pendleton Rector,29.731575,-97.773518,29.7319732486857,-97.7739676028524,,,
3981,,Penn House,32.397045,-99.032612,32.397036102664,-99.0326091605542,,,
3987,,Pereida House,29.419188,-98.488143,29.4189375692518,-98.4879871331895,,,"THC records this marker as missing, but it is mapped in OSM by another user (TravGW, node 6541326019), so it is not ours to remove. The marker is not present in hmdb.org, so the missing status is unverified. Reviewed 2026-08-15."
3995,,The Peter Henry Fagan House,28.503401,-96.953036,28.5034190729763,-96.953010803235,,,"THC records this marker as missing, but it is mapped in OSM by another user (TravGW, node 6250374029), so it is not ours to remove. The marker is not present in hmdb.org, so the missing status is unverified. Reviewed 2026-08-15."
3999,,Petersburg,29.390385,-96.913531,29.3903770378671,-96.913518507,,,
4002,,The Petroleum Building,31.998611,-102.075911,31.9986461825311,-102.076649437399,,,
4007,,Philip Smith House,31.222508,-98.112766,31.223667942903,-98.1122398181979,,,
4013,,Pickwick-McAdams Cemetery,32.903229,-98.436036,32.9032609183976,-98.4360908085649,,,
4017,,Pilgrim Presbyterian Church,29.258473,-97.525436,29.2830447569733,-97.5168795577396,,,
4019,,Pilot Grove Church and Cemetery,29.281135,-97.060332,29.2825209401824,-97.0611658653371,,,
4026,,Pioneer Circuit Riders Memorial,33.904014,-98.922284,33.9037111639956,-98.9222157837539,,,
4042,,Plainview Baptist Church,32.352124,-100.90017,32.3524727503952,-100.900332263818,,,
4066,,Pollock-Capps House,32.7471573761091,-97.3426250997014,32.7469717625849,-97.3427614644716,,,
4068,,Jonathan Cochran Pool,31.183704,-96.983813,31.1816883701059,-96.980322405772,,,
4074,,Port Isabel (Old Point Isabel),26.077594,-97.206073,26.0775756386173,-97.2064187087261,,,
4084,,Portland Cement Plants,29.460295,-98.47692,29.4605244599004,-98.4764304889914,,,
4090,,Postex Cotton Mill,33.186272,-101.370691,33.1862102481241,-101.37070004723,,,
4091,,Poston-Odle Cemetery,31.632312,-97.518661,31.6333249637066,-97.517807490769,,,
4105,,Prairie Chapel School,31.563125,-97.560129,31.5631341671613,-97.5601390667771,,,
4106,,Prairie Dog,,,31.889435202723,-102.375166490739,,,
4110,,Prairie Oil and Gas Company Housing,32.389906,-98.818451,32.3899296082742,-98.8183499628295,,,
4112,,Prairieview Community,34.273687,-101.608798,34.2736765843435,-101.608761655986,,,
4115,,President's House,32.21622,-98.215954,32.2162171002756,-98.2159724324528,,,
4126,,Proctor,31.986824,-98.430271,31.9867791876469,-98.4301492574272,,,
4134,,Site of Provident City,29.282169,-96.630078,29.2821542175211,-96.6300720282026,,,
4136,,Puerto de Baluartes (Haven of the Strong Points),30.901503,-99.78498,30.9012025186557,-99.7847315931969,,,
4144,,Queen's Peak Indian Lookout,,,33.6254688174183,-97.8680744648111,,,
4154,,R. P. Brown Home,31.837637,-100.98954,31.8468349848203,-100.991720666013,,,
4159,,Yndo Ranch,29.189466,-98.274391,29.1906363833977,-98.2706620680353,,,
4164,,Radford School,31.794798,-106.438138,31.794131098369,-106.437564646974,,,
4174,,Ramirez Hall,26.405502,-99.01851,26.4059922929722,-99.0184959674683,,,
4175,,Ramsey Cemetery,32.23085,-98.290238,32.2315280539017,-98.289800073782,,,
4177,,Headquarters of Half Circle S Ranch (L.R. French Ranch House),,,33.4409045643012,-101.204846508915,,,
4178,,Ranch Home of Charles De Montel,29.366727,-98.901766,29.3682931440488,-98.9020290793699,,,
4182,,Rancho de Santa Maria,26.073665,-97.835606,26.0736430683214,-97.8355835789437,,,
4192,,Randolph (Uncle Ran) Vesey,33.258379,-97.574052,33.2583030319475,-97.5745004079148,,,
4196,,Ranger Campsite Water Well,32.040043,-99.743755,32.0399430911417,-99.7437283569478,,,
4220,,Red River Station,,,33.8747871321502,-97.806001973851,,,
4222,,Reed's Lake,30.94977,-97.317497,30.9531951160066,-97.3140835008304,,,
4226,,Reeves County,31.426706,-103.494929,31.4274069949734,-103.495423365171,,,
4237,,Rehoboth Cemetery,32.628194,-97.13766,32.6268006515616,-97.1379730132758,,,
4240,,Remount Station,30.206861,-99.669551,30.2070311605637,-99.6692997254988,,,
4242,,Renderbrook Ranch,32.133784,-100.968025,32.1337753594377,-100.968009399257,,,
4252,,Reuben Vaughan,32.980973,-98.247386,32.9810062864647,-98.2472458519113,,,
4254,,The Rev. Pierre Yves Keralum,26.139574,-97.95808,26.1597517287649,-97.9570104432787,,,
4257,,Rich Coffey House,31.57218,-99.72245,31.5746246693141,-99.7227981655132,,,
4266,,Rigsby Home,31.849553,-96.801809,31.8493930255779,-96.8019010004036,,,
4283,,First Roadside Park in Texas,,,29.9580834154632,-97.0866231962055,,,
4290,,Robert Calvin Mount,,,33.3118376051374,-97.7926140233712,,,
4312,,Roby,32.74518,-100.378043,32.7452947920634,-100.37800142152,,,
4313,,Roby Cemetery,32.762971,-100.382512,32.7629663354104,-100.382500162065,,,
4318,,Rock House Masonic Lodge,31.70219,-98.012848,31.7017723335027,-98.0127944208086,,,
4321,,Rock Springs Cemetery,32.879335,-97.855845,32.8732047049804,-97.8467623044816,,,
4329,,Rockwell Lumber Company Office Building,33.438779,-101.641439,33.4391915349847,-101.641501764373,,,
4330,,Rocky Creek Farm,30.05232,-96.679717,30.0522893998581,-96.6802780386873,,,
4333,,Rodgers Cemetery,32.650764,-97.207958,32.6519354223792,-97.2058255861637,,,
4336,,"Old Roesler Place, The",,,29.9758784049575,-96.4375342887728,,,
4337,,Rogers Massacre,26.247565,-97.59731,26.2475516867001,-97.5973248577493,,,
4338,,City of Rogers,30.930649,-97.225755,30.9344769951432,-97.229180002528,,,
4341,,Roma City Hall,26.406287,-99.019111,26.4062765892598,-99.0195892433984,,,
4342,,Old Roma Convent Building,26.405502,-99.01851,26.4067737354132,-99.0174923847951,,,
4353,,Ross Home,29.310832,-100.416947,29.3110527126338,-100.417281526051,,,
4360,,Round Grove Baptist Church,32.142,-98.460429,32.1420009009889,-98.4604708304329,,,
4361,,Round Timber Community,33.428388,-99.071513,33.4280820830251,-99.071792706523,,,
4364,,Rountree Rock House,,,28.2911616614748,-97.8253299551165,,,
4378,,Royston Townsite,32.813045,-100.29944,32.8130367443427,-100.29942656552,,,
4402,,"S. P. Simpson, Jr., House",28.712856,-100.500739,28.7127939139667,-100.50086266864,,,
4412,,Site of Ivy Chapel and School,30.546058,-99.594832,30.5458605532831,-99.5956059413194,,,
4413,,Site of Coughlin's Stage Stand,31.446267,-101.13344,31.4462622792943,-101.133428925528,,,
4446,,St. John Lutheran Church,29.955277,-96.255483,29.955457983231,-96.2554036785775,,,
4482,,St. Paul's Episcopal Church,31.558404,-97.134899,31.5586374534296,-97.1345616157341,,,
4494,,Salado Methodist Church,30.94171,-97.527908,30.9414433637795,-97.5288658581764,,,
4513,,Samuel C. A. Rogers,29.036962,-96.535953,29.0380587167735,-96.5384453861183,,,
4516,,Samuel P. Newcomb,32.927863,-98.983667,32.9278646005419,-98.9836525066194,,,
4535,,San Felipe Town Hall,29.798927,-96.09653,29.7989102634303,-96.0965125066817,,,
4542,,San Juan De Carricitos Land Grant,26.498735,-97.638349,26.4889127718626,-97.5734797493407,,,
4543,,San Juan Hotel,26.18954,-98.156875,26.1895342315697,-98.1569366985114,,,
4544,,San Juan Plantation,26.083303,-98.169306,26.0833419242644,-98.1694314556143,,,"OsmNodeID cleared 2026-08-15: the row claimed node 12438038293, which sits in Jefferson County 596 km away and is the City of Nederland marker (thc#10546). That node was named ""Magnolia Cemetery"" and tagged ref:US-TX:thc=4544, both inherited; it was deleted as a duplicate of 13971432843 in changeset 187510239. San Juan Plantation is not mapped in OSM."
4548,,San Marcos Primitive Baptist Church,29.741625,-97.71244,29.6609455709363,-97.713999343269,,,
4562,,Sanderford Log Cabin,31.077222,-97.538607,31.0772566772448,-97.5386065585724,,,
4564,,Sanderson State Bank,30.143049,-102.397519,30.1404694605368,-102.39890283398,,,
4576,,Santa Fe Depot,32.756755,-97.795602,32.7592151899784,-97.7933199688105,,,
4590,,Santos Lozano Building,26.192342,-97.69633,26.1925681986883,-97.6965853391644,,,
4602,,Schoenthal School,29.656155,-98.30496,29.6554964375751,-98.3047782776083,,,
4625,,Searsville Baptist Church,31.660723,-97.485244,31.6575064362237,-97.5053409836865,,,
4634,,Selden,32.144204,-98.107041,32.1443150737247,-98.1067685923968,,,
4651,,Shade Denson House,31.069112,-98.133354,31.0730897459337,-98.1232289817818,,,
4652,,Shafter Lake Cemetery,32.392867,-102.642156,32.3929085133856,-102.642149870235,,,
4657,,Shanghai Pierce Ranch,29.235923,-96.185359,29.2353091556276,-96.1823077304142,,,
4658,,Shanghai Pierce Ranch House,29.235923,-96.185359,29.2354539172777,-96.1822693043338,,,
4660,,Sharpsburg and Borden's Ferry,27.911424,-97.624555,27.9114023685826,-97.6245602712775,,,
4662,,Shaw House,32.611789,-97.76615,32.6119958096933,-97.7659300335762,,,
4666,,Shelburne-Reinecker House,29.946853,-96.261041,29.9468551686271,-96.2610862166268,,,
4672,,Sheriff E. Harrison Ikard,33.595075,-98.625539,33.5951274942953,-98.6255360098425,,,
4678,,Shillerville Cemetery,28.772472,-96.849974,28.7729188611203,-96.8502941971269,,,
4680,,Shiloh Baptist Church,30.988769,-96.38285,31.5639902166136,-97.3635757826077,,,
4682,,Shiloh Community,29.545363,-96.86544,29.5437196674571,-96.8732960843171,,,
4686,,Shiner-Welhausen Homestead,29.418871,-97.148638,29.4194453438858,-97.1485315001835,,,
4687,,Shive,31.613262,-98.233408,31.6136430802803,-98.2346135907283,,,
4699,,"Simeon Hart Residence, Site of Hart's Mill (El Molino)",31.766312,-106.510619,31.7627502082712,-106.509223933405,,,
4713,,Sion Roberts,31.419836,-96.426098,31.4190770301593,-96.4256530362914,,,
4722,,Site of Animal Health Discovery,30.07249,-99.109723,30.0747844199239,-99.1106746129021,,,
4736,,Site of Buck Creek Stage Stand,,,34.642474813423,-100.202845876918,,,
4741,,Site of Camp Cooper,33.045092,-99.281262,33.0450845834247,-99.2812456842208,,,
4765,,Site of Creed Taylor Ranch Home,30.389496,-99.4783,30.3894834256093,-99.4780054502706,,,
4767,,Site of Darwin Community,27.708982,-99.732186,27.7089157617935,-99.7317431121416,,,
4770,,Site of Draco,33.103671,-97.744586,33.1040200153357,-97.7443456006444,,,
4772,,Site of Dulaney's Mill,30.964966,-97.454282,30.9657526848436,-97.4545000500764,,,
4775,,Site of Early Bowman Church,,,33.8125499460449,-98.5766693537471,,,
4776,,Site of Early Cattle Trail,32.128631,-97.482424,32.1332077651802,-97.4735004850859,,,
4777,,Site of Early Water Well,31.996643,-102.073138,31.9966186694767,-102.073087879876,,,
4786,,Site of First Mission in Texas,31.695707,-106.324251,31.6909583944494,-106.327384227887,,,
4797,,Site of Fort Smith,32.163281,-97.04679,32.1632662344081,-97.0467631131468,,,
4816,,Site of Indian Creek Community,31.898581,-98.533924,31.8983314895297,-98.5336944480021,,,
4877,,Site of Randol Mill,32.780814,-97.178408,32.7819219316461,-97.1795492795591,,,Possibly missing
4893,,"Site of Tarrant County's First Courthouse, Birdville",32.807131,-97.255661,32.8073982280099,-97.2545979399999,,,
4896,,Site of The Johnston-Huston Duel,28.915022,-96.726929,28.9138636529306,-96.6651867617709,,,
4904,,Site of Tienda de Carbajal,31.643721,-106.305534,31.6521302755566,-106.302901804009,,,
4908,,Site of Valley View School,32.493966,-100.779368,32.4941889796479,-100.777052884034,,,
4911,,Site of Warner Building,35.110617,-101.359172,35.1100486327799,-101.359055473317,,,
4916,,Site of Wise County Poor Farm & Cemetery,33.208779,-97.594974,33.2086185953918,-97.5953130256812,,,
4926,,Site of the Courthouse at Rayner,33.118352,-100.091998,33.118398547815,-100.091950119826,,,
4927,,Site of the First Church Building in El Paso,31.758714,-106.486643,31.7592689439495,-106.486337821775,,,
4932,,Site of the Home of Robert Justus Kleberg,28.958572,-97.348439,28.9585879803271,-97.3483906914866,,,
4942,,Site of: The Antlers Hotel Fire of 1929,33.910304,-98.489471,33.9103552627845,-98.4885320836743,,,
4944,,Six Flags over Texas,32.755872,-97.071715,32.754995780005,-97.0703094474711,,,
4946,,The Sladek-Hillman House,29.905122,-96.679353,29.9039727756491,-96.6782046629418,,,
4959,,Dr. William P. Smith,29.90597,-96.669763,29.9049916654106,-96.6705867566399,,,
4976,,Soldier's Waterhole,31.174571,-99.22578,31.1740519852305,-99.2263171384301,,,
4995,,Spacek House,29.904492,-96.676486,29.9037008191013,-96.6761443030034,,,
4996,,Spade Community Cemetery,32.254238,-100.948671,32.2541651906838,-100.948647103586,,,
5001,,Spanish Governor's Palace,29.424728,-98.495927,29.4249126682994,-98.4957154656005,,,
5009,,Spiderweb Railroad,26.155826,-98.32501,26.1558521180609,-98.3250292988078,,,
5014,,Spring Creek Cemetery,31.897072,-97.828027,31.8973183320524,-97.8277992155026,,,
5029,,San Augustin Cathedral,27.502478,-99.505441,27.5024492904009,-99.5054121795404,,,
5030,,St. Elmo Hotel,33.81462,-98.196427,33.8148650525293,-98.1950839807847,,,
5042,,St. John's Episcopal Church,31.719564,-98.98549,31.7195155928599,-98.9855002525041,,,
5074,,St. Paul's Lutheran Church,31.621162,-98.055255,31.6214546822369,-98.0562926946981,,,
5081,,St. Stanislaus Catholic Church,29.721485,-99.074223,29.7209842697402,-99.075299143922,,,
5099,,Starr County Veterans,26.379431,-98.820599,26.380116539635,-98.8203023069437,,,
5102,,Steakley Home,31.067936,-97.379801,31.0664679999089,-97.3795697426927,,,
5120,,Stieler Ranch House,,,30.0959577435683,-98.9259834862491,,,
5123,,Stinnett's Mill,30.963797,-97.501881,30.9640078835106,-97.5016265530135,,,
5134,,Stopping Place on the Fort Clark-Fort McKavett Military Road,30.225994,-100.004137,30.2259759727194,-100.004161220214,,,
5136,,"Stranger Community, Cemetery and Churches",31.325073,-90.726065,31.3250686064069,-96.7260523001555,,,
5141,,Strunk-Woolsey House,29.599906,-96.829892,29.6005899340275,-96.829781060505,,,
5143,,Stubblefield Building,32.400934,-98.819368,32.4016607096802,-98.819178178019,,,
5147,,Summers' Mill,30.971739,-97.434626,30.9735385908606,-97.4336360526454,,,
5165,,Sweetwater Reporter,32.470947,-100.409285,32.4708024360876,-100.409774326586,,,
5170,,Swisher County Courthouse,34.536499,-101.764011,34.5365933924263,-101.763882474807,,,Medallion only
5171,,Swisher County Hospital,34.53713,-101.756843,34.5358387877936,-101.756464959944,,,
5179,,"Benton City Institute, The",29.206769,-98.781041,29.2029636322304,-98.7696967082349,,,"THC records this marker as missing, but it is mapped in OSM by another user (TravGW, node 6183018255), so it is not ours to remove. The marker is not present in hmdb.org, so the missing status is unverified. Reviewed 2026-08-15."
5188,,Table Top Mountain,31.151228,-102.078201,31.151026692394,-102.078998422781,,,
5191,,Tait Compound,29.618095,-96.460879,29.6185391284604,-96.4607987920918,,,
5193,,Tannahill Homestead,32.777429,-97.490126,32.7772996078615,-97.4895853434715,,,
5204,,Tate Springs Baptist Church,32.6812095831704,-97.1932265937568,32.6812037757351,-97.1932130922904,,,
5210,,Creed Taylor,30.369942,-99.391255,30.3704011715237,-99.3907971046307,,,
5211,,"Taylor, Edward, James, & George",32.445531,-99.73512,32.4458677376039,-99.7325057795422,,,
5236,,Tewes House,29.468133,-98.102299,29.467894296552,-98.1032628289755,,,
5238,,Texana Presbyterian Church,28.943407,-96.53932,28.9433713199357,-96.5393083252772,,,
5255,,Texas Citrus Fiesta,26.220243,-98.329523,26.220042823582,-98.3184239761169,,,
5260,,Texas Gulf Sulphur Company-Newgulf,29.343941,-96.092298,29.3438462838076,-96.0921462792875,,,
5279,,The Chaparral,30.150674,-99.820958,30.1504639286051,-99.8208301189392,,,
5282,,The 96 Ranch,32.255431,-100.821635,32.2550077304348,-100.821678960926,,,
5292,,The Bertelsen House,31.785701,-97.800454,31.7856914021177,-97.8003968546034,,,
5295,,The Buffalo Soldiers and Indian Hot Springs,30.826793,-105.318784,30.8285188590042,-105.317568492729,,,
5312,,The Comparette Home,30.0445,-99.134599,30.0443411273563,-99.135032876228,,,
5326,,The Edna Gladney Home,32.7203264367259,-97.331768647612,32.7207079117464,-97.3317579670243,,,
5332,,The First Bank in Big Lake,31.1901,-101.461333,31.191882480888,-101.46163512626,,,
5334,,The Five-Mile (Ratcliffe)- Rabke Community,29.00309,-97.374615,29.0033108228205,-97.3741252164466,,,
5353,,The Hon. Samuel Boyd Patton,29.949638,-98.563343,29.9496365546855,-98.5633629698456,,,
5356,,The Howard House,31.306398,-97.362755,31.3063097667108,-97.3629094133284,,,
5357,,The Ike Miers House,30.572601,-100.644299,30.5730988284663,-100.644136032011,,,
5358,,The Isaac Jackson Teague Property,31.475543,-97.308244,31.2972987589461,-97.3630980783325,,,
5363,,Jens Jenson Homestead,31.770992,-97.731974,31.7689464122432,-97.7300468127678,,,
5365,,The Joseph Meyer Homestead,29.349394,-98.874751,29.3497356473898,-98.8742971906333,,,
5366,,The Judge Robert McAlpin Williamson Home,29.309874,-96.100618,29.3104445951618,-96.100554659674,,,
5370,,The Lee Building,28.702419,-100.502962,28.7025569694316,-100.50286298756,,,
5390,,The Old Rock House,32.718965,-100.243817,32.7179706169858,-100.244598567222,,,
5391,,"The Old Town Well, Goldthwaite",31.449888,-98.568712,31.4501668664998,-98.5695331987907,,,
5395,,The Pass of the North,31.786203,-106.526813,31.7862447526392,-106.526734571304,,,
5402,,Pool-Tibbs House,31.662245,-97.47132,31.6622012239339,-97.4702713453753,,,
5410,,The Rev. George Washington Baines,31.066492,-97.464548,31.0664886245937,-97.4645184738274,,,
5412,,The Rev. Thomas Wadlington Cotten,,,31.6934690796663,-99.8909969606212,,,
5418,,Rosalio Longoria House,26.156084,-97.8286,26.1558145199802,-97.8270846201629,,,
5427,,The Sims Cabin,31.504831,-97.233183,31.5044881852996,-97.2336532077006,,,
5451,,The Wiemers Oak,29.376598,-99.057685,29.376565315852,-99.0576813029975,,,
5472,,Thomas Pratt,31.069923,-98.195852,31.0748011072428,-98.1980064010056,,,
5520,,Town of Antelope,33.44076,-98.369678,33.4405603418083,-98.3694747066722,,,
5521,,Town of Aquilla,31.851188,-97.218738,31.8515351340103,-97.2185649341638,,,
5532,,Town of Knapp,32.649764,-101.118418,32.6497735331859,-101.118432686571,,,
5547,,Townsite of Zella,28.561061,-98.792871,28.5610769764138,-98.7928877173625,,,
5549,,Trading Area of Jose Tafoya and other Comancheros,34.402096,-101.134257,34.4020774640028,-101.134242779899,,,
5567,,Tulia First National Bank,34.536601,-101.764701,34.5372978416725,-101.764594622965,,,
5570,,Turnbow Cemetery,31.975551,-98.205899,31.9783540864808,-98.2055324048353,,,
5572,,Turner Home,31.770745,-106.481165,31.770905004423,-106.481106994982,,,
5573,,Turner House,32.172829,-97.092068,32.1729059894511,-97.0919613589949,,,
5582,,Twin Oaks,31.694674,-98.1261,31.6926287590246,-98.1217452078522,,,
5585,,Twohig House,29.461996,-98.467118,29.4619618447909,-98.4680103232918,,,
5590,,Ullrich Home,29.69961,-98.129681,29.6997108413925,-98.1296179512448,,,
5617,,Utopia,29.616838,-99.526841,29.616308229882,-99.5273010213085,,,
5618,,Utopia Methodist Church,29.618156,-99.528996,29.6177785043333,-99.5292499827356,,,
5633,,Van Dorn Trail,33.87181,-98.762841,33.8713991768419,-98.7634979121746,,,
5642,,Verbena Community Church,,,33.192074433765,-101.383794119876,,,
5644,,"Veterans of the Confederacy, Spanish American War, World War I and II",32.224386,-97.759029,32.2349922507476,-97.7556753742378,,,
5648,,Vicinity of Significant Neighbors Ford Trail,31.439237,-103.498853,31.4395764529548,-103.500427274384,,,
5657,,Vinson Cemetery,31.379462,-96.5368,31.3790212860725,-96.5360791519797,,,
5660,,Vogt-Clegg Log House,29.794724,-98.725565,29.7944517569125,-98.7248264141971,,,
5663,,Vsetin Cemetery,29.494598,-96.848758,29.4947348657375,-96.8480881817887,,,
5670,,W. H. (Uncle Billy) Gibbons,31.12384,-99.055547,31.1271038241058,-99.0498960812098,,,
5673,,W. J. Ed and Mary Elizabeth Lott House,,,28.6401221523445,-97.4873947498258,,,
5675,,W. L. Lipscomb,26.300278,-98.162372,26.3001354049402,-98.1620607336777,,,
5678,,W. R. Hughes Home,31.091397,-98.05367,31.0957784328284,-98.042870072953,,,
5690,,"Waco Lodge No. 92, A.F.& A.M.",31.547271,-97.189487,31.5466832546586,-97.1894733216311,,,
5691,,Waco Springs,31.534756,-97.065325,31.5603195008714,-97.1274184082354,,,
5698,,Waddell-Dudensing-Bering Home,29.928692,-96.526149,29.9285291038401,-96.5264031523941,,,
5699,,Elise Waerenskjold,31.708867,-98.128007,31.709117570393,-98.1281810353448,,,
5703,,Waisenhaus (Orphanage),29.740978,-98.109682,29.7410008723408,-98.1094102365568,,,
5704,,Waldeck Cemetery,30.058225,-96.781396,30.0585212123747,-96.7820353051184,,,
5705,,Walker Bend Community and Cemetery,32.603894,-97.860387,32.6000161504442,-97.8604216881966,,,
5713,,Walthall Cemetery,31.691172,-99.890788,31.6934850557084,-99.890661685201,,,
5720,,Warner Memorial Community Center,35.106191,-101.364255,35.1079283164814,-101.366404397002,,,
5721,,Warren Wagon Train Massacre,,,33.2168887533232,-98.5064866694556,,,
5722,,Washington House (Sycamore Creek Ranch),33.864204,-96.96694,33.8641518859396,-96.9669202612949,,,
5741,,Weeks Mansion,33.891086,-98.512242,33.8914547265137,-98.5130356775122,,,
5744,,Welborn-Bostick Home,31.319645,-97.356948,31.3156453770357,-97.3564699634065,,,
5753,,Christian G. Wertzner,29.888203,-96.762221,29.8878302524294,-96.7589530126045,,,
5763,,Dr. Wm. Madison West,31.574828,-98.219896,31.5758518062521,-98.2095919799008,,,
5764,,West-Wagner Homestead,29.385577,-97.071684,29.3888655179028,-97.0697893011941,,,
5767,,Western Trail Marker,31.831392,-99.423088,31.8312095334592,-99.423175862604,,,
5776,,Wharton County Abstract Company,29.311334,-96.097394,29.3116086216058,-96.0968695838959,,,
5801,,Wichita Falls High School,33.894476,-98.516495,33.8939304965552,-98.5170567057373,,,
5812,,Wilkinson Family Cemetery,,,32.3203569190517,-97.1950250500602,,,
5821,,William Berry Smith,31.959176,-97.914557,31.9592175659597,-97.9145463780627,,,
5828,,William Green House,29.431244,-97.174347,29.4314148178992,-97.1731563993686,,,
5841,,Site of William Millican's Gin House,29.023759,-96.605531,29.0237476734341,-96.6055228795909,,,
5850,,Stephen Williams,29.997722,-96.982737,29.9977829336622,-96.9827263701776,,,
5854,,Wilson Cemetery,32.634618,-97.044179,32.6307066338556,-97.0497039899839,,,
5862,,Windham Cemetery,31.914279,-99.042245,31.9137921100727,-99.0414625499944,,,
5866,,Winkler County,31.854973,-103.079084,31.8549639160266,-103.079075795368,,,
5869,,Winn Hill Cemetery,33.229605,-98.322472,33.2298398155664,-98.3224441252306,,,
5894,,Women of the Confederacy,29.501516,-97.452527,29.502259085518,-97.4524512475876,,,
5899,,Woods Chapel Baptist Church,32.699424,-97.148034,32.6993526077904,-97.1490178855307,,,
5903,,Woodworth House,28.297165,-97.27516,28.2972762582829,-97.2744077438295,,,
5912,,Wright Cemetery,32.822331,-97.719364,32.8265721799408,-97.7322504242072,,,
5919,,Y.D. McMurry,32.393817,-100.839547,32.3942402690351,-100.83997290553,,,
5930,,Young's Store,30.883552,-102.877871,30.8835455618378,-102.877530850039,,,"THC records this marker as missing, but it is mapped in OSM by another user (TravGW, node 6346397865), so it is not ours to remove. The marker is not present in hmdb.org, so the missing status is unverified. Reviewed 2026-08-15."
5933,,Yturria Bank,25.900712,-97.497645,25.9005187020484,-97.4974115433215,,,
5943,,Zavala County,28.717496,-99.83528,28.7722060929688,-99.8486637069988,,,
5961,,Zion United Church of Christ,31.479222,-97.158471,31.4791301245322,-97.158301078816,,,
6023,,Lampasas County Jail,31.065111,-98.17691,31.0648396259812,-98.1783224116122,,,
6055,,Noah Cox House,26.405466,-99.0187,26.4057746865554,-99.0189393668964,,,
6058,,Knights of Columbus Hall,26.407876,-99.018617,26.4060502854218,-99.0183902069675,,,
6059,,Robert E. Lee House,26.374025,-98.808789,26.3740226285278,-98.8088264055742,,,
6061,,Decker House,,,26.378320601125,-98.821081260219,,,
6099,,Billy Kyle Ranch House,28.926477,-97.10806,28.9261656584056,-97.1087852480756,,,
6111,,Amarillo,35.225885,-101.88402,35.191272598712,-101.92730530274,,,
6112,,Amarillo,,,35.191272598712,-101.92730530274,,,
6113,,Amarillo,,,35.191272598712,-101.92730530274,,,
6117,,"Junction of Two Important Rivers, the Guadalupe and the Comal",29.705238,-98.114732,29.7048282802032,-98.1138302972452,,,
6143,,First United Methodist Church of Rockwall,32.915371,-96.455077,32.9156165337859,-96.4503607449248,,,
6162,,Gough-Hughston House,33.197331,-96.626885,33.1974511239978,-96.6270898548486,,,
6179,,Collin McKinney Home,33.18869,-96.619475,33.1911611156829,-96.6185335019489,,,
6215,,Dr. William Edward Throckmorton,33.3134,-96.5885,33.3133576380643,-96.5885395490706,,,
6221,,Woodlawn Cemetery,33.230737,-96.57985,33.2312320018935,-96.5812666668474,,,
6224,,Young Cemetery,33.117549,-96.744153,33.1176111835006,-96.7440744415139,,,
6260,,Lees-Bryan House,32.441171,-97.787956,32.4411257637945,-97.7885757478559,,,
6261,,Smith-Savage House,32.450789,-97.79236,32.4508332869709,-97.7918786669045,,,
6270,,George Webb Slaughter,32.842035,-98.301902,32.841679611413,-98.3022209767467,,,
6291,,"Old Dobie Ranch, Birthplace of J. Frank Dobie",28.125666,-98.017696,28.1256297835484,-98.0176218603577,,,"THC records this marker as missing, but it is mapped in OSM by another user (TravGW, node 6179641115), so it is not ours to remove. The marker is not present in hmdb.org, so the missing status is unverified. Reviewed 2026-08-15."
6329,,Early History of Port of Corpus Christi,27.811508,-97.39555,27.8117197764348,-97.3962019380241,,,
6339,,Angelita (Littlest Angel),27.918707,-97.61546,27.9186777441883,-97.615332549876,,,
6345,,On This Site Stood the Only Home Owned in Texas by Stephen F. Austin,29.806331,-96.097733,29.8160426670943,-96.1061087226719,,,
6391,,Peyton Colony Lime Kiln,30.113417,-98.311473,30.1134436239094,-98.3114611185165,,,
6405,,First Methodist Church,30.359285,-103.660246,30.3597919838164,-103.660243873153,,,
6431,,Catherine Robinson House,30.270813,-97.746612,30.2708150092846,-97.7466920235409,,,
6479,,T-C Ranch House,28.519377,-97.08062,28.5193257946772,-97.0806298765893,,,
6486,,Stokes-Nelson Cemetery,31.054731,-97.290546,31.0672320261038,-97.290136920208,,,
6491,,C. L. Walker Home,31.109417,-97.338761,31.109299098548,-97.3388862993313,,,
6535,,Beck Ranch Headquarters,28.842748,-97.003172,28.8431263415981,-97.0027945946292,,,
6537,,Abel Seymour Cunningham,28.811463,-97.009555,28.8115002031321,-97.0092588077846,,,
6556,,Site of Mission Nuestra Senora del Espiritu Santo de Zuniga,28.882252,-97.120274,28.8822693689545,-97.120105954984,,,
6570,,Peter Teal,28.507173,-97.00644,28.5071834509904,-97.0064610354378,,,
6599,,Near Homesite of Belle Boyd,32.774706,-96.789984,32.7734244336003,-96.788556222593,,,
6603,,F.A. Brown Farm Home,32.850442,-96.83103,32.8503718724018,-96.8310721367492,,,
6604,,John Neely Bryan Cabin,32.779085,-96.806699,32.7795696989066,-96.8069418093729,,,
6620,,"Burning Bush Colony, The",,,32.1280056368233,-95.3099101589199,,,
6622,,Ben Cannon Ferry,31.777482,-95.389322,31.777485434045,-95.3892201234648,,,
6623,,Carey Lake-Boggy Creek Oil Field,31.956782,-95.437525,31.9567417382475,-95.4375569005617,,,
6625,,"Cherokee Furnace Co., C.S.A.",31.681999,-95.170004,31.6820368217941,-95.1699653888054,,,
6630,,Cold Springs School and Methodist Church,31.608664,-95.108576,31.6086479220609,-95.1085760178886,,,
6635,,Cove Springs United Methodist Church,32.016042,-95.346201,32.0158805089937,-95.3462358983564,,,
6637,,California Crossing,32.866263,-96.923037,32.8662032339564,-96.9279581504007,,,
6644,,"Church Founded by Chaplain Nicholas A. Davis, C.S.A.",31.960749,-95.272351,31.9607422207939,-95.2728483572699,,,
6665,,Dallas County,32.779085,-96.806699,32.779591247821,-96.8068057833679,,,
6669,,Dallas Depot of the H. & T. C.,33.143665,-96.835024,33.1436370824061,-96.8340062108618,,,
6683,,Dialville,31.85803,-95.230855,31.8584327068702,-95.2312550280283,,,
6716,,Fuget Cemetery,32.747583,-96.926009,32.7351427626615,-96.9750454941833,,,
6717,,Galloways' Old Home Place,32.786333,-96.533905,32.7859989315109,-96.5338236375538,,,
6726,,Giving Community Thanks,32.782253,-96.799128,32.7826364080188,-96.7984144585733,,,
6755,,La Reunion,32.758585,-96.835117,32.7596493124623,-96.8576162761394,,,
6765,,Emmaus,32.021572,-95.044005,32.0239871595111,-95.0442953838412,,,
6767,,First Baptist Church of Rusk,31.792171,-95.152823,31.7936863064588,-95.1527489458888,,,
6768,,Forest Hill Plantation House,,,31.6876246128173,-95.0231124959418,,,
6770,,Friendship Baptist Church and Corine Cemetery,31.978926,-95.408496,31.9790778652657,-95.3982469894259,,,
6771,,Gent Village,31.83302,-95.309653,31.8328236113449,-95.3095434127227,,,
6799,,Site of Griffin,,,32.0377083510157,-95.0760960731097,,,
6806,,Governor W. Lee O'Daniel,32.865668,-96.783729,32.868309358469,-96.7778877517334,,,
6807,,Governor W. Lee O'Daniel,32.865668,-96.783729,32.868309358469,-96.7778877517334,,,
6810,,Henry's Chapel Community,32.112813,-95.044944,32.109206045632,-95.0439341943235,,,
6824,,Holcomb Family Reunion,31.608783,-95.109031,31.6087439545474,-95.1089825031176,,,
6828,,Jarratt Cemetery,31.912743,-95.213058,31.9120066497701,-95.212806929353,,,
6833,,Rawlins Homestead,32.578916,-96.770635,32.580536283153,-96.7557853283976,,,
6834,,Knoxville,32.097964,-95.08602,32.0970322000786,-95.0859603608522,,,
6842,,Isaac Lee,31.66499,-95.114646,31.6649017540067,-95.1146577677599,,,
6858,,Lone Star,31.950387,-95.03976,31.9499142236727,-95.0388648478267,,,
6870,,Murphy Home,31.626784,-94.973811,31.6270972664013,-94.9735850614323,,,
6871,,Old Rusk Tramway,31.913991,-95.252411,31.9127788309495,-95.2528928295188,,,
6876,,Robert Graves Stadler,32.044048,-95.095903,32.0437482594053,-95.0966359416222,,,
6882,,Shady Grove Road Bridge,32.802706,-96.906418,32.8023935545042,-96.9064020025472,,,
6886,,South MacArthur Church of Christ,32.799905,-96.959306,32.8005570576537,-96.9594909169162,,,
6917,,Shiloh Methodist Church and Cemetery,31.664388,-95.115033,31.6648590647478,-95.1149830881747,,,
6918,,George Wahington Slover,31.856701,-95.240238,31.855230287142,-95.2391004475883,,,
6928,,Amy Settlement,33.422842,-95.68778,33.4236688995786,-95.6883182437474,,,
6942,,Abel Morgan,33.305282,-95.819977,33.3061621816271,-95.8184448081435,,,
6945,,Pioneer Smith Brothers,33.377651,-95.795599,33.3781141932441,-95.7961492148241,,,
6950,,"Union Cemetery, Old",33.345539,-95.801145,33.3439359095345,-95.8012029161119,,,
6956,,Pleasant Grove Missionary Baptist Church,31.802616,-95.323142,31.8030529759108,-95.3236392558037,,,
6958,,Samuel Smith Homesite,32.038097,-95.076613,32.0422727901007,-95.1064814426014,,,
6960,,Here Stood the Home_John Simpson Chisum,33.396189,-97.279837,33.3961928749008,-97.2797929024193,,,Private
6961,,Rusk Penitentiary Building,31.807534,-95.156628,31.8083732024736,-95.1568935951969,,,
6968,,Mount Zion United Methodist Church and Cemetery,29.0116,-95.024028,31.7146496916132,-95.0826865344247,,,
6970,,Rocky Springs Missionary Baptist Church,31.855403,-95.240714,31.8554588093334,-95.2400203575477,,,
6972,,Myrtle Springs Cemetery,31.936217,-95.061024,31.9362129460349,-95.0612798562206,,,
6973,,Primitive Baptist Church of Wells,31.487879,-94.944098,31.487777358245,-94.9427119108412,,,
6976,,New Summerfield Public School,31.980556,-95.095188,31.98113021505,-95.0949664310327,,,
6978,,Dimmit County,,,28.522425812299,-99.8610288094892,,,
6986,,"Clark's Ferry and Clark's Ferry Cemetery, Site of",31.138584,-94.809071,31.1371270787051,-94.8095043618806,,,
6990,,Don Joaquin Crossing on Bedias Trail,31.447574,-94.725882,31.4493978806051,-94.7260754892488,,,
7000,,Manning,31.140856,-94.538537,31.1416472370607,-94.5394618241998,,,
7001,,Gibbs House,31.141285,-94.538869,31.141874632361,-94.5407174134094,,,
7011,,Archie Adams,,,31.0804195517773,-95.5872574820167,,,
7012,,Mission Santissimo Nombre de Maria,31.576092,-95.168526,31.5761716694622,-95.1684424416302,,,
7036,,Randolph Community,31.348384,-95.245983,31.3483418556186,-95.2453514053277,,,
7049,,Colonel David Alexander Nunn,31.321203,-95.460242,31.3211847111064,-95.4602713563599,,,
7064,,Fry - Butcher House,32.504167,-96.788375,32.5033096226838,-96.7885087224903,,,
7066,,George Rosson Home,32.113389,-96.920147,32.1133698621319,-96.9201464452314,,,
7070,,Joshua Chapel A.M.E. Church,32.383679,-96.839975,32.3832135964723,-96.8396258288017,,,
7078,,Trippet-Shive House,32.398991,-96.862605,32.3985196264017,-96.8620397046753,,,
7082,,The H.P. Barkley Home,32.332619,-96.631879,32.3326361960261,-96.6318576068726,,,
7091,,Ellis County Courthouse,32.38643,-96.848895,32.3856014346352,-96.8479122248019,,,
7095,,Site of Alamito,,,29.8750696724003,-104.019007441523,,,
7106,,Site of Grady School,32.448198,-96.725798,32.4492965714949,-96.7246688885027,,,
7110,,Harkey - Payne House,32.430737,-96.672164,32.4304976390393,-96.672060019559,,,
7114,,Site of Old Hawkins Springs,32.489523,-96.979073,32.4880130487545,-96.9810706160137,,,
7121,,Matthews-Atwood House,32.328446,-96.631714,32.3284977408465,-96.6316674849804,,,
7126,,A. C. Jones Home,28.412251,-97.747528,28.4122131417437,-97.7479483657217,,,"THC records this marker as missing, but it is mapped in OSM by another user (TravGW, node 6253987321), so it is not ours to remove. The marker is not present in hmdb.org, so the missing status is unverified. Reviewed 2026-08-15."
7130,,Mount Zion Cemetery,32.459702,-96.955305,32.4597009684402,-96.9553192142749,,,
7131,,The Mulkey-Loggins House,32.48258,-96.990379,32.4825864608226,-96.9903632496135,,,
7138,,Phillip R. Pierce,32.391767,-96.592055,32.3915487834208,-96.5925557235803,,,
7148,,Shiloh Cumberland Presbyterian Church,32.516173,-96.89063,32.5173816633434,-96.8901107141393,,,
7154,,Site of the Plantation Home of Edward H. Tarrant,32.22231,-96.852123,32.2222784888251,-96.8520748872749,,,
7155,,Telico Cemetery,32.367318,-96.509884,32.3671018648564,-96.5091028788347,,,
7156,,The Telico Church,32.367318,-96.509884,32.3669330189465,-96.5095854184327,,,
7159,,John and Laura Miller House,,,32.0161311505578,-95.4868521772201,,,
7163,,King's Highway - Camino Real - Old San Antonio Road,29.813265,-97.967334,30.2140215043658,-97.1172737980485,,,
7179,,Schreiber-Miller Warehouse,29.306996,-94.794647,29.306875029637,-94.7950305677659,,,
7190,,Eureka Cemetery,32.016829,-96.266444,32.0162987348957,-96.2662915747303,,,
7191,,Eureka Methodist Church,32.014261,-96.295551,32.0127353627179,-96.2957248203017,,,
7197,,First Independent Baptist Church of Corsicana,32.097067,-96.458827,32.0970417040528,-96.4588683395565,,,
7200,,The First National Bank of Corsicana,32.095116,-96.477056,32.0930531523944,-96.464912966352,,,
7204,,Samuel R. Frost,32.103883,-96.469006,32.0990224200009,-96.4763638433627,,,
7205,,Grange Hall Cemetery,32.123142,-96.658553,32.1409058151003,-96.6733063187821,,,
7206,,Grape Creek Cemetery,31.981408,-96.386148,31.9814914078946,-96.395710620577,,,
7207,,Hamilton-Beeman Cemetery,32.043592,-96.480885,32.0450599384335,-96.4818553045252,,,
7209,,Dr. George Washington Hill,31.928964,-96.6999,31.92920876894,-96.6995536234193,,,
7210,,Near Site of Trading Post of Dr. George Washington Hill,31.895655,-96.7163,31.9518749180978,-96.7214937336983,,,
7211,,Holman Home,32.084102,-96.485663,32.0845111448691,-96.4860985328171,,,
7213,,Hopewell Cemetery,31.984999,-96.357077,31.9845174459488,-96.3568153148556,,,
7214,,L. P. Hodge Home,32.240868,-96.414114,32.2416582906746,-96.4149337067423,,,
7215,,Rex Ingram,32.098597,-96.455889,32.0986894394644,-96.4559573433387,,,
7216,,Indian Trading Post,32.095185,-96.475543,32.0946629134313,-96.4760138346985,,,
7219,,George Taylor Jester,32.098132,-96.462196,32.0889072713321,-96.4685608124495,,,
7222,,Kerens,32.132302,-96.22744,32.131438223816,-96.2277727128176,,,
7223,,Kerens Presbyterian Church,32.129702,-96.224393,32.1298527459778,-96.2246035286715,,,
7224,,Lawrence Family Cemetery,31.931419,-96.760066,31.9314062015375,-96.7589366039206,,,
7228,,J. A. Megarity Homestead,32.057063,-96.497649,32.0570354702718,-96.4975881211432,,,
7238,,Navarro Mills Community,31.957628,-96.683202,31.9575154461616,-96.6829693781519,,,
7242,,Oil City Iron Works,32.086653,-96.462093,32.0858025400549,-96.4612672811304,,,
7302,,Atkins House,33.141813,-95.596335,33.1421912227222,-95.5952356005846,,,
7303,,Black Oak Baptist Church,32.964834,-95.428112,32.9722977234881,-95.431510033821,,,
7319,,North Liberty Baptist Church,33.197676,-95.537598,33.1978068888811,-95.5377115706807,,,
7322,,Pine Hill Cumberland Presbyterian Church and Cemetery,33.059867,-95.318614,33.0597312231044,-95.3185798675245,,,
7331,,Union Community,33.030787,-95.598096,33.0305439877039,-95.597809367987,,,
7334,,Allison Cemetery,33.787531,-90.890602,33.7878179581605,-96.889482148449,,,
7337,,Barron-Veazey House,33.414782,-96.574681,33.4149634990513,-96.5734007552521,,,
7339,,Bennett-Richardson House,33.656871,-96.906294,33.6573659468495,-96.905566459232,,,
7345,,Carr-Taliaferro House,33.644751,-96.594173,33.6446644041315,-96.5943883375414,,,
7358,,James P. Dumas,33.434333,-96.475813,33.4336382961558,-96.4746082476717,,,
7375,,Grayson College,33.518475,-96.3963,33.5171859709131,-96.395178680912,,,
7390,,Kentuckytown Baptist Church,33.52306,-96.438467,33.5232650880364,-96.4384032705342,,,
7401,,Younger Scott McKinney Home,33.412225,-96.511974,33.4121445917954,-96.512344887777,,,
7402,,Aaron S. Mangum,33.632109,-96.618799,33.6320836884094,-96.6190299887201,,,
7427,,The Davison Home,30.349938,-95.564443,30.3502255634073,-95.5651003822106,,,
7461,,Exploration of Galveston County,29.523195,-95.086664,29.3032247567039,-94.7900164386782,,,
7462,,Early History of Galveston County,29.303363,-94.788829,29.3032550405386,-94.7899144970263,,,
7463,,"Texas Revolution and Civil War, Galveston County",29.523195,-95.086664,29.3032370829464,-94.7898204481236,,,
7465,,"Galveston County, 1901 - 1965",29.303152,-94.790365,29.3029948778092,-94.7898269138199,,,
7516,,E. S. Levy and Company,29.304656,-94.792674,29.304712995112,-94.7934340324806,,,
7541,,Open Gates,29.299785,-94.793512,29.2997499979665,-94.7941838114948,,,
7550,,Black Jack Baptist Church,30.547136,-96.884823,30.5475871927474,-96.8842284788552,,,
7560,,Caldwell Volunteer Fire Department,30.530455,-96.693957,30.5300995529264,-96.6935436203711,,,
7567,,Cooks Point United Methodist Church,30.579498,-96.637618,30.5795155080575,-96.6380104738883,,,
7575,,Payne-Williams Cemetery,,,31.4522101316247,-93.9095459754207,,,
7581,,Scurlock Cemetery,,,31.4666581243464,-93.9854751902051,,,
7582,,Mial Scurlock,,,31.4666842665695,-93.9854384493156,,,
7585,,Anderson House,31.531843,-94.108171,31.5323764226408,-94.1079809581755,,,
7586,,Antioch Cemetery,31.580542,-94.081821,31.5814006094245,-94.0828847485886,,,
7587,,Antioch Church of Christ,31.580542,-94.081821,31.5810067697214,-94.0818156262805,,,
7588,,Bland-Fisher Home,,,31.590424855444,-94.1123319318596,,,
7589,,Captain T. W. Blount House,,,31.5323021363663,-94.1675133385126,,,
7590,,Stephen W. Blount Home,31.530959,-94.113771,31.5300814744528,-94.105365559718,,,
7592,,Old Brookeland Depot,,,31.457953762709,-94.3065581502508,,,
7593,,Columbus-Cartwright House,31.524264,-94.099824,31.523645497188,-94.099182634627,,,
7594,,Matthew Cartwright Home,31.528941,-94.105694,31.5289389522674,-94.1050997957459,,,
7603,,All Saints Episcopal Church,31.318433,-95.460174,31.3220693318561,-95.4439809547913,,,
7606,,Old Garrett House,31.505232,-94.28442,31.505220180401,-94.2844338371713,,,
7607,,William Garrett House,31.535275,-94.13958,31.5351180503217,-94.140427656664,,,
7608,,The Gatling House,31.519795,-94.111715,31.5191316995573,-94.1118537486274,,,
7616,,Hillcrest,31.527867,-94.099067,31.5282454303375,-94.0995232303443,,,
7624,,Home of Thomas S. McFarland,31.519737,-94.220041,31.519746354873,-94.2201432645625,,,
7625,,McRae Church,31.53218,-94.186255,31.5321709333845,-94.1862539296342,,,
7631,,Polk House,31.531359,-94.120162,31.5318290199384,-94.1203448680661,,,
7634,,Roberts Baptist Church,31.494458,-94.109046,31.4946624130533,-94.108909963604,,,
7642,,Pet Sharp House,31.530397,-94.108174,31.5308563539659,-94.1081852192486,,,
7645,,Sublett House,31.51932,-94.058145,31.5191587318565,-94.0582657568994,,,
7650,,Rev. Samuel A. Williams,31.535483,-94.12705,31.5361565628343,-94.123641256057,,,
7657,,Isaac Jones,30.798123,-95.167886,30.798429494913,-95.1677368530113,,,
7660,,Mount Capers Cemetery,30.817779,-95.271023,30.8252940844008,-95.2584636057809,,,
7662,,Mount Zion Cemetery,30.711655,-95.194576,30.7114891642684,-95.1944694318784,,,
7663,,Oakhurst Center Hill Church and Cemetery,30.741198,-95.304249,30.742325555527,-95.3035255204313,,,
7665,,Pine Valley Cemetery and Missionary Baptist Church,30.592062,-95.323848,30.5930406079684,-95.3246010819786,,,
7666,,Site of Raven Hill,,,30.6871362371244,-95.3002797878119,,,
7667,,The Robert Tod Robinson House,30.737802,-95.213856,30.7373405625227,-95.214921765802,,,
7676,,The Bickham House,31.764376,-94.050376,31.7643655424336,-94.0503813288944,,,
7678,,Fellowship Baptist Church,31.93573,-94.025778,31.9333356205683,-94.0269829364736,,,
7682,,First County Seat of Shelby County,31.761022,-94.078108,31.7616226717584,-94.078741941459,,,
7683,,First Methodist Church of Shelbyville,31.757968,-94.078706,31.7581017115702,-94.0792346577344,,,
7685,,Eva Taylor Lane Home,29.787302,-95.466444,31.7926004541895,-94.1804364216784,,,
7687,,McClelland Community Church,31.662335,-94.07184,31.6622048935399,-94.072059832161,,,
7690,,Sydney O. Pennington,31.763794,-94.081118,31.7633703033976,-94.080663213003,,,
7692,,Moses Fisk Roberts,31.763794,-94.081118,31.7633703033976,-94.080663213003,,,
7701,,Truitt Cemetery,31.898254,-94.105506,31.899023711877,-94.1056952526952,,,
7703,,Bascom Cemetery,32.296919,-95.20916,32.2967492051877,-95.2085422822324,,,
7704,,Frank Bell House,,,32.2242614153627,-95.3322273887863,,,
7705,,Head of Navigation on the Sabine River: Belzora Landing,32.558224,-95.211762,32.5581605810131,-95.2117637627558,,,
7712,,Cedar Street United Methodist Church,32.363596,-95.296753,32.3644334650253,-95.2973690118016,,,
7728,,"First Presbyterian Church, U. S. of Troup",32.143442,-95.118369,32.1433525098098,-95.1185592704987,,,
7731,,Erasmus M. Hanna House,32.144799,-95.12067,32.1453153127983,-95.1206062163327,,,
7743,,Murphey the Jeweler,32.292728,-95.303807,32.292628704867,-95.3035964651148,,,
7744,,"Neches Saline, C. S. A.",32.157609,-95.456545,32.1580147580219,-95.4565624224083,,,
7761,,Troup City Cemetery,32.14749,-95.120625,32.1475450934738,-95.1206350978625,,,
7770,,Nicholas Wren,32.466635,-95.216902,32.4667238112055,-95.2174764663427,,,
7797,,Greenville's Electric Light Plant,33.139011,-96.109259,33.1389132330189,-96.1096550720316,,,
7813,,Lebanon Cemetery,33.254411,-95.869815,33.2540350766872,-95.8705110881303,,,
7824,,Peniel,33.165008,-96.126345,33.1644783134052,-96.1263420825655,,,
7825,,Public Libraries of Greenville,33.140258,-96.118671,33.1396505346579,-96.1188086319671,,,
7832,,John L. Southall,33.135754,-96.098951,33.136716731441,-96.0992061623232,,,
7834,,Site of Wesley College,33.110221,-96.116749,33.1102226283279,-96.1164560822748,,,
7835,,Wesley College Administration Building,33.110221,-96.116749,33.1102226283279,-96.1164560822748,,,
7836,,Wesley United Methodist Church,33.115772,-96.092195,33.1161768884986,-96.0924876570451,,,
7845,,The W. T. and T. C. Connor Buildings,,,33.0317856274804,-94.7215141992963,,,
7852,,Omaha,33.184154,-94.734175,33.1841117742397,-94.7342191398942,,,
7855,,Hometown of United States Senator Morris Sheppard,33.198444,-94.684587,33.1997088702515,-94.6844389459617,,,
7861,,Ned Walker Home,33.15328,-94.755042,33.1533778026829,-94.7557018360515,,,
7862,,Wheatville and Wheatville Cemetery,33.229038,-94.696945,33.2290471322392,-94.6969411952772,,,
7863,,Mabin Alexander Anderson,30.315903,-95.444154,30.3151247687236,-95.4447335502465,,,
7871,,Crater Hill,30.29578,-95.353053,30.2958920410938,-95.3531083714894,,,
7875,,Esperanza,30.487939,-95.489084,30.4878105851134,-95.4890729851195,,,
7879,,J. S. Griffith Home,30.391161,-95.694625,30.3911856271592,-95.69450111959,,,
7884,,Magnolia,30.316938,-95.44834,30.2112286689753,-95.7545549570418,,,
7893,,New Cemetery of Montgomery,30.387027,-95.703105,30.3866335593282,-95.7033030634272,,,
7895,,Old Dr. Wm. P. Powell Home,30.423407,-95.482218,30.4245743716981,-95.4825046268042,,,
7898,,West Fork of The San Jacinto River,30.35142,-95.586293,30.3535111904155,-95.5792494438063,,,
7902,,M. B. Steger Home,30.391322,-95.699061,30.3908046324747,-95.6988980964063,,,
7904,,Sunday-Moore House,30.293156,-95.698465,30.27818323833,-95.6632071805165,,,
7912,,William Womack Home,,,30.3412977188827,-95.7000632209775,,,
7918,,Beasley Drive,31.308236,-95.453035,31.3086932492265,-95.4533470879944,,,
7921,,Site of Daniel McLean Claim,,,31.5358223524291,-95.2413792121972,,,
7940,,Site of Major Bryant's Home,30.910803,-97.184558,30.9103069520313,-97.1841752787315,,,
7948,,First Presbyterian Church of Maysfield,30.876409,-96.698335,30.8968382729266,-96.8512107166013,,,
7951,,Friendship Methodist Church,33.629832,-96.662471,30.7959633780622,-97.2030339776255,,,
7952,,John Garner,30.520585,-97.096998,30.5206061031502,-97.0975906530585,,,
7959,,Hedrick House,30.945346,-95.249427,30.9433674692874,-95.2514766499203,,,
7969,,Scrub Creek School,31.194234,-95.057554,31.1846477722201,-95.0674001068668,,,
7973,,Thornton Church Community,31.045766,-95.287944,31.0457165366097,-95.2879640249978,,,
7975,,Daniel and Precilla Gilleland,30.739163,-97.066459,30.7391498420613,-97.0664703874519,,,
7976,,George Green,30.846325,-96.976802,30.8447628870258,-96.9774828121037,,,
7978,,Hope Lutheran Church,30.874222,-97.122591,30.8746836230388,-97.1219756578817,,,
7983,,Maysfield United Methodist Church,30.876409,-96.698335,30.8972453164944,-96.8509111856293,,,
7996,,St. John Lutheran Church Cemetery,30.726588,-96.988748,30.6500927349065,-97.2140481894691,,,
7999,,St. Thomas Episcopal Church,30.658265,-97.000191,30.6581982590804,-97.0002004309152,,,
8000,,Salty Community,30.594302,-97.132673,30.5942655811589,-97.132357209672,,,
8005,,William Carroll Sypert,30.786491,-97.283931,30.7863081109619,-97.2844250787186,,,
8007,,Val Verde Baptist Church,30.786491,-97.283931,30.8347609082923,-97.27226209304,,,
8015,,Gay 90's House,32.753055,-94.348928,32.752650638014,-94.3491614691516,,,
8016,,Blue Bonnet Farm,32.736857,-94.346272,32.7368494942527,-94.3462512060817,,,
8017,,Doyle Bower House,32.75273,-94.34908,32.7528635338941,-94.3491167034129,,,
8021,,Dan N. Alley Home,32.759487,-94.350146,32.7595278851105,-94.3500969502002,,,
8028,,Rowell Family Home,32.759591,-94.353425,32.7601977806147,-94.3536344257438,,,
8033,,Old Federal Building,32.756821,-94.345922,32.756299797821,-94.3455153825694,,,
8039,,First Methodist Church,32.757496,-94.346113,32.7568760525461,-94.3482544203971,,,
8041,,Freeman Plantation,32.76435,-94.370278,32.7636703232015,-94.3700343878878,,,
8042,,Freeman Plantation,32.76435,-94.370278,32.7636703232015,-94.3700343878878,,,
8045,,Guarding Oak,32.762981,-94.352578,32.7592475028772,-94.3527501054591,,,
8046,,19th Century Business House,32.756253,-94.344784,32.7562073327213,-94.3451378330104,,,This marker is missing/doesn’t exist and other sources confirm. It seems this old marker was replaced by multiple specific markers.
8047,,Capt. Wm. Perry House,32.761745,-94.347661,32.760823146262,-94.3468642496533,,,
8048,,The Homestead,32.757307,-94.351233,32.7572423266573,-94.3505950270049,,,
8058,,Jefferson Playhouse,32.756591,-94.348074,32.7572562022673,-94.3477890549798,,,
8062,,Old Home of Geo. Keese,32.761293,-94.352541,32.7605382646407,-94.3525088529758,,,
8064,,Knightwood,32.760582,-94.354337,32.7595527193231,-94.3536313760807,,,
8067,,The Magnolias,32.761943,-94.352788,32.7616799848226,-94.3529535262232,,,
8068,,Rogers Home,32.759472,-94.351306,32.7574442037103,-94.3512247848121,,,
8071,,Rogers Home,32.759472,-94.351306,32.7574442037103,-94.3512247848121,,,
8073,,Preston Home,32.760548,-94.345071,32.7610415702376,-94.3455671989795,,,
8075,,Nash Iron Works,32.826708,-94.616238,32.8253265076387,-94.6151496270641,,,
8078,,Planters Bank,32.758115,-94.343913,32.7571713413529,-94.3435357385998,,,
8082,,Old Rosebud Saloon,32.75673,-94.34434,32.7560848412615,-94.3449933112316,,,
8083,,Rowell Home,32.759111,-94.349383,32.7580267907103,-94.3473073471389,,,
8084,,J. H. Rowell Home,32.759756,-94.351452,32.7592739143567,-94.3515756515016,,,
8085,,Sagamore,32.756397,-94.351829,32.760516759205,-94.3536614848668,,,
8086,,Schluter Home,32.756078,-94.34876,32.7552012787992,-94.3492446517823,,,
8093,,W. S. Terry Home,32.759842,-94.345906,32.7598971422893,-94.3458986909185,,,
8104,,Perry Woods Home,32.759111,-94.349361,32.759281798766,-94.3500745150634,,,
8108,,St. Francis Episcopal Church,,,30.0871780552538,-95.992975927235,,,
8110,,Prairie View A&M University,30.087681,-95.98839,30.0887388504374,-95.98825103932,,,
8130,,William Ferdinand Evans,28.440803,-99.243199,28.4410814838761,-99.2422236625591,,,
8139,,Fort Ewell,,,28.1449836652872,-99.0312227272892,,,
8140,,First Deep Artesian Well,,,28.4360149035819,-99.2353146766962,,,
8144,,Early Chapel Cemetery,30.411787,-97.009401,30.422744974642,-96.944782803889,,,
8149,,First National Bank,30.181892,-96.947935,30.1826775333259,-96.9370458045115,,,
8155,,William W. Hawkins,30.411787,-97.009401,30.4224545315023,-96.9456464185172,,,
8156,,Holy Cross Cemetery,30.078384,-96.944796,30.0797665746664,-96.9441900876964,,,
8158,,King's Highway - Camino Real - Old San Antonio Road,29.813265,-97.967334,30.4052660936086,-96.8181597002664,,,
8159,,King's Highway - Camino Real - Old San Antonio Road,29.813265,-97.967334,30.3232164594367,-96.9303491644209,,,
8160,,King's Highway - Camino Real - Old San Antonio Road,29.813265,-97.967334,30.3232164594367,-96.9303491644209,,,
8161,,King's Highway - Camino Real - Old San Antonio Road,29.813265,-97.967334,30.4052660936086,-96.8181597002664,,,
8162,,King's Highway - Camino Real - Old San Antonio Road,,,30.4052660936086,-96.8181597002664,,,
8163,,Helen Knox,30.181825,-96.947698,30.182205803841,-96.9476106887173,,,
8169,,William Preston (Bill) Longley,30.183086,-96.947547,30.1830778377376,-96.9477805284718,,,
8170,,Robert Devlin McClellan and Sarah Lewis Rainey McClellan,30.181883,-96.947904,30.1816946692823,-96.9478065235056,,,
8175,,St. Paul's Lutheran Church,30.114059,-96.988118,30.1140791208931,-96.9881364797374,,,
8177,,James Shaw,30.411787,-97.009401,30.4224545315023,-96.9456464185172,,,
8199,,J. W. Harrison & Son,33.634436,-95.560624,33.6344064819283,-95.5606435326938,,,
8200,,Hayes House,33.653488,-95.556179,33.653509885339,-95.556209313721,,,
8201,,Hickory Grove Cemetery,33.552513,-95.814789,33.552582861306,-95.8146621960241,,,
8206,,Lamar County Fair,33.676699,-95.55036,33.6765172931377,-95.5508593786735,,,
8225,,Scott Mansion,33.656905,-95.554465,33.6575292467077,-95.5543280958466,,,
8226,,Site of Shelton's Fort,33.516297,-95.685394,33.5160565191829,-95.6846128445497,,,
8232,,Old Sumner Cemetery,,,33.7724506535169,-95.6609556986745,,,
8281,,The Joseph Burleson Family Cemetery,31.929631,-96.297578,31.9297041038083,-96.2942117485953,,,
8288,,African American Catholic Community,30.323567,-96.206562,30.3261594192404,-96.2001110440456,,,
8289,,Applewhite House,30.14254,-96.252716,30.142997423548,-96.2526163799078,,,
8295,,Anson Jones Barrington Home,30.323906,-96.154342,30.3214742487843,-96.1507486976441,,,
8301,,Baylor University for Boys,30.3216,-96.345655,30.3160327037641,-96.3460371886243,,,
8312,,W. W. Browning House,30.125698,-96.249814,30.1265776055079,-96.2574817940445,,,
8324,,Christian Church Cemetery,30.226376,-96.617937,30.2240520325806,-96.6178565950648,,,
8335,,First Public High School in Brenham,30.167677,-96.392891,30.1676510259991,-96.3930878097694,,,
8345,,Jacob Haller House,30.144186,-96.25751,30.1441679538976,-96.2573308407282,,,
8346,,Hasskarl House-Far View,30.15293,-96.394071,30.1528451692587,-96.3942313809858,,,
8347,,Permelia Haynie Home,30.144195,-96.257499,30.1445552103149,-96.2573611488397,,,
8348,,William Jones E. Heard,30.153727,-96.260452,30.1541380881345,-96.2607086397098,,,
8349,,"James Holt, Texas Ranger",30.144998,-96.566113,30.1452430328556,-96.565552022901,,,
8352,,Margaret Lea Houston Home,30.319411,-96.345351,30.3192648904991,-96.3451157587321,,,
8355,,Major William Edward Howth,30.153727,-96.260452,30.1541380881345,-96.2607086397098,,,
8362,,The Nancy Lea Bell,30.32037,-96.3473,30.3198026138397,-96.3471754068999,,,
8365,,Live Oak Female Seminary,30.290794,-96.443228,30.2908565929627,-96.4432603970995,,,
8368,,John McNeese Graveyard,30.285737,-96.428663,30.2890185981734,-96.4289287376334,,,
8369,,Leander H. McNelly,30.214241,-96.576509,30.2140076048108,-96.577032122931,,,
8376,,Pampell-Day Homestead,30.165642,-96.402577,30.1655350505106,-96.4026912894676,,,
8380,,Henry V. and Rebecca Robertson  Homestead,30.255,-96.311159,30.2547571794056,-96.3131924905182,,,
8382,,Rocky Hill School,30.28877,-96.373853,30.2888192378986,-96.3738374109679,,,
8390,,St. Peter's Lutheran Church,30.256323,-96.466575,30.2574368223841,-96.4668794411598,,,
8393,,Schuerenberg House,30.165436,-96.403515,30.165408054127,-96.4032648886749,,,
8394,,Seelhorst-Lehrmann House,30.166067,-96.391782,30.165664241038,-96.3919520635828,,,
8395,,Waverly,30.145433,-96.251581,30.1451953938732,-96.2512937335011,,,
8396,,Union Hill,30.2028,-96.612202,30.2020845774816,-96.6126876446673,,,
8397,,John Sterling Smith House,30.143301,-96.253985,30.1431277267332,-96.2537049830632,,,
8402,,Washington County State Bank,30.167564,-96.396056,30.1674635856872,-96.3959423522962,,,
8406,,Wittbecker-Weiss House,30.162164,-96.403416,30.1612431153018,-96.4035021888206,,,
8407,,Witte-Williams House,30.097984,-96.610318,30.0979684038073,-96.6100987259423,,,
8408,,The Wood-Hughes House,30.162125,-96.398684,30.1621821685138,-96.3991659327239,,,
8409,,Julius Yanch  Home,30.144045,-96.257254,30.1440990380998,-96.2570455121987,,,
8411,,Lewis Kraatz,30.320186,-96.342679,30.3207188842502,-96.3425558722825,,,
8435,,Chalk Cemetery,30.981401,-95.475218,30.9813981665226,-95.4752703347051,,,
8443,,Eastham-Thomason House,30.7266012082827,-95.5537434729247,30.726635615748,-95.5536839682255,,,
8448,,Farris Chapel Methodist Church,30.73594,-95.590333,30.6047678287547,-95.7246614978699,,,
8478,,Walker County,30.723517,-95.551161,30.723338514571,-95.5506631850837,,,
8484,,Site of the Home of Henderson Yoakum,,,30.6602141471188,-95.45352357854,,,
8530,,Birthplace of City of Kaufman; Site of King's Fort,32.593489,-96.311937,32.5932339338144,-96.3116824538636,,,
8563,,Apolonia Cemetery,30.488827,-95.894039,30.4863266367633,-95.8945519805878,,,
8569,,Isham Davis Home,30.694788,-96.059945,30.6968086360668,-96.0643440936878,,,
8570,,Sarah Bradley Dodson,30.830279,-95.946896,30.8304253127744,-95.9464951395663,,,
8572,,Evans House,30.384974,-96.084364,30.3850650176373,-96.0838000092463,,,
8582,,B. B. Goodrich House,30.485807,-95.984759,30.486895682648,-95.9850239625061,,,
8588,,Harmony Baptist Church and Cemetery,30.37487,-95.989368,30.3749251294201,-95.9895247008589,,,
8589,,Haynie-Sanders Farm Home,30.541338,-95.890523,30.5413639641712,-95.8904918213478,,,
8591,,James and Missouri Hurry House,30.558534,-95.826986,30.5588466483328,-95.8271144768813,,,
8596,,Lake Grove Community,30.701902,-96.050765,30.7018133959012,-96.0514841131102,,,
8600,,McAlpine Cemetery,30.297645,-95.966537,30.297757417051,-95.9672517948615,,,
8605,,Norwood House,30.391262,-96.081254,30.3906752364034,-96.0807108035547,,,
8608,,Orphans Friend Lodge No. 17 Ancient Free & Accepted Masons,30.487858,-95.98654,30.4879492589587,-95.9863645601805,,,
8620,,Templeman House,30.394689,-96.077444,30.39590731221,-96.0784155130536,,,
8622,,Miss Sally Thompson School Building,30.484912,-95.984857,30.4845909318148,-95.984247924474,,,
8626,,Jesse Youens Home,30.389073,-96.083178,30.3888875892721,-96.0830295617521,,,
8632,,Fort Oldham,30.566582,-96.587533,30.5669740395963,-96.5875202761135,,,
8633,,Fort Tenoxtitlan,30.692683,-96.586269,30.6933421072878,-96.5862558779354,,,
8637,,Lee W. Henslee,30.516896,-96.705105,30.5208704011145,-96.7012963053983,,,
8639,,"Thomas Kraitchar, Jr. House",30.532812,-96.691452,30.5335051876527,-96.691119912304,,,
8644,,Josef Masik,30.549504,-96.667527,30.5480540606713,-96.6627750793927,,,
8649,,Providence Baptist Church,30.535748,-96.578095,30.5365147580618,-96.5785863951275,,,
8650,,Reeves-Womack House,30.529926,-96.695808,30.5299451994582,-96.6962177316851,,,
8663,,Astin-Porter Home,30.670482,-96.368367,30.6704011379449,-96.3682355081278,,,
8671,,Bryan & College Interurban Railway,30.672681,-96.371912,30.6727207877116,-96.3719187745083,,,
8673,,Cavitt House,30.667224,-96.367515,30.6663594131619,-96.367139074706,,,
8676,,Edge House,30.664723,-96.36645,30.6649389037877,-96.3659015181967,,,
8684,,Robert Henry,30.685024,-96.417909,30.6850420642978,-96.4179140417674,,,
8686,,E. J. Jenkins House,30.672102,-96.367913,30.6719900047747,-96.3675134454298,,,
8687,,McMichael-Wilson House,30.667341,-96.367381,30.6669192503202,-96.3666208122219,,,
8700,,Waldrop House,30.669679,-96.368268,30.6693015794222,-96.368116549694,,,
8702,,Wilkerson House,30.669796,-96.368134,30.6696544410103,-96.3677706747645,,,
8703,,James Wilson,30.908406,-96.283096,30.9081821620885,-96.2834002428069,,,
8707,,Kurth Home,31.357189,-94.747842,31.3584141895708,-94.7481185395629,,,
8710,,Lufkin CCC Camp,,,31.3344203317992,-94.7507820331553,,,
8716,,Pine Grove Missionary Baptist Church,31.16591,-94.692973,31.1658469577376,-94.6927963453274,,,
8723,,Southern Pine Lumber Company Commissary,31.183463,-94.787186,31.1826863955177,-94.7873083551039,,,
8728,,American Well & Prospecting Company,32.09638,-96.460893,32.0974113283318,-96.4615858133095,,,
8729,,Judge William Alexander,,,31.763581836101,-95.6228365150208,,,
8730,,Anderson Campground,31.95686,-95.62092,31.9568887354184,-95.6209399161179,,,
8733,,Anderson County Poor Farm,31.705723,-95.628754,31.700061646884,-95.6289998116825,,,
8735,,Bell Cemetery,31.703398,-95.562255,31.7050654093462,-95.5634961340836,,,
8738,,Bethel Church and Cemetery,31.979395,-95.525389,31.9786346445551,-95.5242148383398,,,
8739,,The Bowers Mansion,31.759976,-95.632634,31.7600354703894,-95.6326477122374,,,
8741,,Campbell Cemetery,31.69313,-95.582223,31.6925190821751,-95.5829350575559,,,
8743,,Concord Baptist Church and Cemetery,31.911516,-95.682408,31.9100209896439,-95.6820727797689,,,
8744,,Denson Springs Cemetery,34.343562,-95.444235,31.6403628890253,-95.370997015173,,,
8747,,Fields Chapel Methodist Church and Cemetery,31.75883,-95.450601,31.7585554471697,-95.4504306370149,,,
8757,,Site of Four Pines School,31.74551,-95.688652,31.7488011093465,-95.6803429365943,,,
8758,,Freeman Farm,,,31.9916186701102,-95.4968186151528,,,
8763,,Harmony Baptist Church,31.756849,-95.793742,31.7570413399589,-95.7941029904389,,,
8766,,Col. G. R. Howard House,31.770177,-95.62636,31.7698615278485,-95.6262561971631,,,
8769,,Judson Cemetery,31.953757,-95.94258,31.9544356911638,-95.9419831095086,,,
8773,,Link Family Cemetery,,,31.8209475469872,-95.708107808143,,,
8774,,"Link House, The",31.768952,-95.629173,31.7689973466893,-95.6293300917173,,,
8775,,Lone Pine Baptist Church,31.790954,-95.681357,31.7905504451748,-95.6802874231751,,,
8776,,"John Byler Mallard, Judge",,,31.7636068367086,-95.6229965158438,,,
8777,,McClure-McReynolds-Fowler Home,31.768364,-95.62586,31.7690106831177,-95.6260044565572,,,
8785,,Northeast Texas Christian Theological and Industrial College,31.777857,-95.62486,31.7785330045953,-95.6258772404826,,,
8787,,Olive Branch Cemetery,31.968296,-95.595433,31.9632210365415,-95.5979174255141,,,
8800,,Pine Lodge Club House,,,31.6352054082459,-95.5507565662208,,,
8801,,Providence Church and Cemetery,31.660248,-95.409934,31.6606299820586,-95.4103927045277,,,
8805,,"Paul L. Rutledge, Sr.",31.65161,-95.738321,31.6589604369721,-95.7380377340242,,,
8814,,Starr Cemetery,31.667066,-95.584485,31.666226727009,-95.5842946140739,,,
8815,,John Starr House,31.662684,-95.584469,31.6627256327022,-95.5845065857774,,,
8817,,Tennessee Colony,31.835036,-95.839815,31.8356078854065,-95.8399461760478,,,
8820,,William and Caroline Broyles House,31.748702,-95.628577,31.7487939468072,-95.6286351387438,,,
8822,,Pantermuel House,29.799917,-98.328168,29.7999027685572,-98.3275814016457,,,
8824,,Joseph Scheel House,29.806274,-98.497833,29.8065645276277,-98.4978772084326,,,
8831,,San Jacinto Plaza,31.753428,-106.490454,31.7595800706518,-106.488590048074,,,
8837,,Old Baldwin Home,33.564916,-96.004585,33.5646792430689,-96.0014827372739,,,
8842,,Biard Home,33.581914,-96.179206,33.5820271329048,-96.179353927513,,,
8843,,James Fowler Biggers,33.470975,-96.193413,33.4744322013072,-96.1933254394437,,,
8845,,Blanton Chapel Methodist Church,33.397366,-96.293979,33.3971540995198,-96.293532154678,,,
8850,,Old W. W. Brownlee Home,33.579201,-96.180674,33.5793169528671,-96.1811445426292,,,
8855,,Central National Road,33.436521,-95.875649,33.4364638634573,-95.8756417895025,,,
8873,,Joseph F. Fenner,33.42714,-96.206502,33.4323199193338,-96.219024078555,,,
8887,,Site of Fort Lyday,33.473832,-95.876936,33.4738305794117,-95.876905464054,,,
8889,,Fry Homestead,33.414707,-95.933903,33.4151078273092,-95.9348247362331,,,
8890,,Galbraith House,33.572034,-95.955697,33.5718630513216,-95.9557410908601,,,
8895,,Grove Hill Masonic Lodge,33.380455,-96.247409,33.3797963152173,-96.2473869248302,,,
8896,,Haden House,33.426291,-95.950958,33.4261817373977,-95.9526879804938,,,
8905,,Old Kirkpatrick Home,33.5125,-96.380941,33.5126695688815,-96.3802853218917,,,
8911,,McCraw's Chapel,33.525872,-95.956696,33.5268479079074,-95.9570907142878,,,
8918,,Portland,33.447196,-96.149378,33.4453757556787,-96.1468368882289,,,
8925,,Rehobeth Cemetery Chapel,33.404674,-96.021721,33.3966673471173,-96.023501540674,,,
8932,,Home of T. H. Sears,33.506965,-96.372557,33.5122108495785,-96.3733573362969,,,
8937,,Site of Steger Opera House,33.574658,-96.183371,33.5791073659157,-96.177862992211,,,
8938,,R. E. (Bob) Stokes Homestead,33.377532,-96.200311,33.3780055505019,-96.1987218910147,,,
8946,,Wheeler House,33.57907,-95.959286,33.5762301362239,-95.9599271586791,,,
8952,,Clover Hill Cemetery,32.862956,-95.422681,32.8625864969945,-95.4224750167901,,,
8953,,Collins-Haines Home,32.786079,-95.441485,32.7860120722799,-95.4420689431336,,,
8954,,East Point Missionary Baptist Church,32.831543,-95.295303,32.831986675157,-95.2953324130547,,,
8964,,Hopewell Church and Cemetery,32.920161,-95.373809,32.9205918183584,-95.3733329785435,,,
8965,,Indian Cemetery and Villages,32.859283,-95.450114,32.8591792967046,-95.4500998498432,,,
8972,,Lankford-Stinson House,32.958908,-95.292545,32.9590864553334,-95.2932969323465,,,
8974,,Little Hope Missionary Baptist Church,32.796516,-95.249228,32.7969700892584,-95.2482606516275,,,
8977,,Macedonia School,32.669124,-95.323731,32.669277641148,-95.3235474104799,,,
9013,,Mt. Pisgah Baptist Church,32.737408,-95.313424,32.7376512343325,-95.312588607631,,,
9015,,Perryville Baptist Church,32.865631,-95.160093,32.8654998466563,-95.1581876641909,,,
9016,,Perryville Methodist Church,32.867016,-95.158716,32.8674556385872,-95.1580796881672,,,
9021,,Smyrna Baptist Church,32.937684,-95.21972,32.9375100905569,-95.2200860961398,,,
9023,,Captain Henry Stout,32.831228,-95.285425,32.8312882535897,-95.2852236221868,,,
9025,,Martin Varner,32.654841,-95.34644,32.6547762181147,-95.3450483107916,,,
9056,,Site of the Home of Elizabeth Powell,,,29.4519631586775,-95.9554984072238,,,
9069,,Sugar Land,29.620729,-95.636049,29.6207914645883,-95.6365705973158,,,
9070,,Sugar Land Auditorium,29.625179,-95.629429,29.6239930615771,-95.6305553897545,,,
9072,,The Sugar Land Refinery,29.619955,-95.635663,29.6215649957895,-95.6356530116531,,,
9078,,McDonald Cemetery,31.97204,-95.094222,31.9714215428997,-95.0939518140537,,,
9130,,Sarah Ridge Paschal Pix,29.537288,-94.75896,29.5388959993687,-94.7589529987556,,,
9137,,Wallis Hill Cemetery,29.833892,-94.73819,29.8366498293662,-94.7345277407285,,,
9146,,Aldridge-Fitzwilliam Home,30.098915,-97.358096,30.0988326271465,-97.3580467984238,,,
9148,,Antioch Cemetery,29.811481,-97.317707,30.1136996976698,-97.1843659847805,,,
9160,,Henry N. Bell House,30.115805,-97.321734,30.1157838268416,-97.3216352547884,,,
9161,,Richard J. and Annie Brieger House,30.11664,-97.315394,30.1166195775895,-97.3152947251109,,,
9162,,Burger Home,30.112709,-97.317579,30.1125484055654,-97.3196190541878,,,
9164,,Murray Burleson Home,30.012107,-97.155078,30.0121833029478,-97.1552836339049,,,
9165,,Jonathan Burleson,,,30.1199359177627,-97.3500297479555,,,
9167,,Calvary Episcopal Church,30.110792,-97.320936,30.1114711870065,-97.3207455881629,,,
9168,,Camp Swift,29.36274,-97.453239,30.2191063838587,-97.3148112096931,,,
9169,,Margaret Chambers Home,30.119134,-97.322375,30.1190267292564,-97.3223612652296,,,
9173,,Old Cornelson-Fehr House,30.338617,-97.367093,30.107410834075,-97.3197028862505,,,
9177,,Nicholas W. Eastland,29.968624,-97.349252,29.9686714309306,-97.3492989259935,,,
9178,,Elgin,30.347445,-97.370542,30.3472918391591,-97.3704908410005,,,
9184,,A. A. Erhard Home,30.113352,-97.317205,30.1133685448418,-97.3173153772375,,,
9186,,First Christian Church (Disciples of Christ) of Smithville,30.008138,-97.156031,30.0081188223039,-97.1559764579736,,,
9193,,Haralson House,30.110801,-97.31581,30.1107734059967,-97.3157986375931,,,
9196,,Abram Wiley Hill,,,30.0478885045298,-97.3073196324973,,,
9197,,D. O. Hill House,30.009821,-97.157483,30.0099727426412,-97.1572377886684,,,
9198,,Hubbard - Trigg House,30.116608,-97.317932,30.1165861810381,-97.3174439490207,,,
9201,,Old Jenkins Home,30.355158,-97.379279,30.118817980924,-97.3204055362663,,,
9205,,Kleinert - Hoppe House,30.108953,-97.316546,30.1089714770194,-97.3164090906502,,,
9207,,Addison Litton,30.088982,-97.493749,30.0866648226525,-97.4945341771587,,,
9210,,Meeks - Maynard Cabin,29.362777,-97.450251,30.2646558475476,-97.4392397917352,,,
9211,,Miller - Gillum House,30.348067,-97.372948,30.3481297636556,-97.373059448402,,,
9212,,Mina - Bastrop Pioneers Home,30.111315,-97.314803,30.1113166840496,-97.3149127103346,,,
9213,,Henry Mordorff,29.988076,-97.159931,29.9880990022088,-97.1596595246765,,,
9215,,B. D. Orgain House,30.11649,-97.321777,30.1164714041655,-97.3216280039544,,,
9216,,Thomas Osborn,29.963507,-97.428765,29.9660897521809,-97.4708602795205,,,
9217,,R. L. Perkins Home,30.114419,-97.320985,30.1144452037307,-97.3210544103039,,,
9218,,Pfeiffer Home,30.119128,-97.320521,30.1190824069276,-97.3204388315997,,,
9219,,William Redfield,29.811481,-97.317707,30.0108321956555,-97.0714596340052,,,
9226,,Governor Sayers House,30.118378,-97.322108,30.1183766297152,-97.3222128379936,,,
9229,,Scottie Chambliss Jenkins House,30.108699,-97.317115,30.1086525664469,-97.3172647123167,,,
9230,,Jourdan Smith,30.291635,-97.399626,30.2909132133888,-97.3992290199506,,,
9232,,William B. Standifer,,,30.3151535661008,-97.3998728451626,,,
9236,,Martin Walker,,,30.1497511198736,-97.4076275568838,,,
9237,,Wallace - Holme House,30.10933,-97.316649,30.1093776796998,-97.3166409274025,,,
9239,,Samuel Wolfenberger,30.111615,-97.322159,30.0241118102704,-97.4183128045145,,,
9241,,Yerge-Hill Family Home,30.009399,-97.158946,30.009693479076,-97.1592279137711,,,
9249,,Tol Barret House,,,31.5344285323771,-94.670052211502,,,
9250,,100th Anniversary of Oil in Nacogdoches County,31.619647,-94.649082,31.6193419717114,-94.6490102371995,,,
9263,,Christ Episcopal Church,31.616012,-94.649181,31.6159968789553,-94.6490505785433,,,
9265,,"Site of the Home of William Clark, Jr.",,,31.6039003706692,-94.6562007718519,,,
9305,,Home of A. J. Nelson,30.56707,-97.645449,30.5689634507216,-97.6457039288143,,,
9323,,Pioneers' House,30.585352,-97.837911,30.5980369193296,-97.8519129472007,,,
9348,,General Thomas J. Rusk,31.603245,-94.649927,31.6027534993911,-94.6495958678202,,,
9352,,Sam P. Smith Place,31.575697,-94.593737,31.5787584948914,-94.59326703748,,,
9353,,The Sparks House,,,31.5344285323771,-94.670052211502,,,
9357,,Nicholas Adolphus Sterne,31.603245,-94.649927,31.6027387283783,-94.6493426514277,,,
9367,,Washington Bower,30.499319,-97.231276,30.4977879215749,-97.2314631209624,,,
9371,,Williamson County,30.549753,-97.691987,30.5498693565017,-97.6919015477724,,,
9403,,Zion Hill First Baptist Church,31.605094,-94.648983,31.6051801031213,-94.6487152225247,,,
9408,,Steele House,30.388229,-96.084143,30.3888009450051,-96.0843237728554,,,
9410,,Twin Oaks,31.694674,-98.1261,31.6926287590246,-98.1217452078522,,,
9412,,Antioch Cemetery,32.139839,-96.034595,32.1398375305132,-96.0345402436205,,,
9428,,First Court Tree,30.514474,-99.749096,30.5145859119608,-99.7493802373913,,,
9430,,Benjamin School,33.584347,-99.790904,33.5843115666194,-99.7908871778542,,,
9436,,Castell,,,30.701330265021,-98.9582314057518,,,
9445,,Lappe House,,,30.7114027342212,-98.4121441800311,,,
9468,,Antioch Cemetery,31.096444,-95.504452,31.0960253640918,-95.5044922290312,,,
9472,,Cervini House,33.423119,-94.048022,33.4236368808857,-94.0481767714667,,,
9473,,World War I Memorial,33.425667,-94.043847,33.425458726857,-94.043712695927,,,
9481,,John F. Floyd House,33.431588,-94.046351,33.431654988651,-94.04659480023,,,
9484,,Hatchel/Barkman Caddo Indian Village,33.492859,-94.04279,33.493062444331,-94.0434181045311,,,
9487,,Hubbard Home,33.463083,-94.418912,33.4630693603925,-94.4189489813589,,,
9492,,Dan LaFayette McDuffie,33.432287,-94.426764,33.4346350367982,-94.4280555874686,,,
9494,,Moores-Burke-Ragland Home,33.426695,-94.0474,33.4268338838982,-94.047308759088,,,
9503,,Old Rialto Building,33.422755,-94.043187,33.4233769602777,-94.0433305631737,,,
9504,,Rochelle Place,,,33.4809694790011,-94.1664949498483,,,
9506,,Howell W. Runnels Home,33.425308,-94.057068,33.4254549403782,-94.0574336576646,,,
9511,,Trammel's Trace,33.492859,-94.04279,33.493062444331,-94.0434181045311,,,
9514,,Whitaker House,33.421979,-94.056945,33.4210448710267,-94.0572704356307,,,
9579,,Site of Orozimbo,29.253151,-95.578707,29.2535729008099,-95.5776253926464,,,
9580,,Peach Point,28.975232,-95.46922,28.9752027242182,-95.4691985178316,,,
9583,,Perkins Family Cemetery,,,29.1929474793212,-95.7218649303007,,,
9587,,Dr. James Aeneas Phelps,29.253133,-95.578676,29.2542170626695,-95.5769339607158,,,
9617,,Bethesda Cemetery,31.109429,-96.218165,31.1084544300527,-96.2186566333579,,,
9620,,John Durst,31.160388,-95.94365,31.1597501218068,-95.9436045787495,,,
9631,,Wm. B. Middleton,31.150759,-95.971043,31.1501465023265,-95.9711572262786,,,
9633,,Rogers Prairie,31.040026,-96.091083,31.0418682483593,-96.0921277452269,,,
9644,,Thomas Jefferson Chambers Home,30.061615,-94.797762,30.0617756856535,-94.7981288492622,,,
9654,,The Noble Garvey House,30.340626,-95.083085,30.3404316424842,-95.0833303658765,,,
9666,,Andrew Jackson Isaacks,30.365346,-94.999385,30.3655168459776,-94.9989245162033,,,
9667,,Hugh B. Johnston,,,30.2433898902308,-94.7426801677421,,,
9674,,Linney Cemetery,30.058555,-94.88793,30.0577213346208,-94.8881578293383,,,
9685,,St. Stephen's Episcopal Church,30.091038,-94.759783,30.0977605125947,-94.7627252957268,,,
9693,,James B. Woods,30.025664,-94.758832,30.0255353023106,-94.7590168108895,,,
9717,,Granite Mountain,30.592587,-98.299077,30.5609081462638,-98.2763857412851,,,
9733,,Site of Mormon Settlement,30.638829,-98.23443,30.6382858361817,-98.2344971733969,,,
9749,,Stewart Pioneer Home,,,30.8204134009508,-97.9528377039176,,,
9751,,Struve House,,,30.4773782131391,-98.2651537473429,,,
9753,,Old Thomas Ranch House,30.748479,-98.278802,30.751649000726,-98.2894289390238,,,
9787,,Bolton Cemetery,32.95423,-94.932892,32.9525302618696,-94.9349683682504,,,
9790,,Center Point Community,32.95539,-94.827048,32.9553996616484,-94.8270455437335,,,
9798,,Holly Springs Baptist Church,32.925746,-94.816536,32.9260722640853,-94.8162467289579,,,
9814,,Cornett Cemetery,33.130526,-94.576367,33.1304802433348,-94.5768600727114,,,
9815,,Dennis Cemetery,33.073993,-94.56441,33.0754389606711,-94.564750196275,,,
9816,,Douglassville Baptist Church,33.194938,-94.353465,33.1945270720909,-94.3534148958173,,,
9817,,Douglassville Cemetery,33.196481,-94.353328,33.1958275313614,-94.353364383947,,,
9818,,Floyds' Hill Church - Cemetery,33.145596,-94.440181,33.1453342053669,-94.440042744011,,,
9819,,Harris Chapel Cemetery,,,32.9352845861311,-94.6430062571421,,,
9821,,John Robin Heard Cemetery,33.195255,-94.477808,33.1547055383054,-94.4501207434995,,,
9822,,Hickory Grove Cemetery,,,33.1189604858392,-94.4195369683259,,,
9828,,United Methodist Church of Atlanta,33.119411,-94.152431,33.1197170722969,-94.1525470402771,,,
9829,,Methodist Episcopal Church of Douglassville,33.195463,-94.354095,33.1945378512486,-94.3542707752061,,,
9830,,Mount Zion Baptist Church of Christ,32.88033,-94.334648,32.8850188364809,-94.3296740238776,,,
9831,,Smith-Hoyt-Youngs House,33.113676,-94.156141,33.1135274897657,-94.156261132278,,,no text (RTHL medallion)
9838,,J. A. Drummond Farm Home,33.120956,-95.149875,33.1186871843057,-95.1534740320153,,,
9839,,Fairview Church and Cemetery,33.328909,-95.308511,33.3288310559483,-95.3082426534097,,,
9845,,Capt. F. Marion Hastings,33.095796,-95.293065,33.0966510196214,-95.2926982556194,,,
9848,,Pleasant Hill Methodist Church and Cemetery,33.095796,-95.293065,33.0965162884149,-95.2930515118274,,,
9853,,Old Judge Allegre House,31.788323,-96.461208,31.7885469231601,-96.4618743361647,,,
9854,,Antioch Cemetery,31.548795,-96.200317,31.5484966891168,-96.1998268575996,,,
9868,,Chancellor Union Cemetery,31.768196,-96.072781,31.7684201883522,-96.0735479347214,,,
9869,,Compton Cemetery,31.604715,-96.147501,31.6040511213525,-96.1465332288965,,,
9872,,Driver Cemetery,31.66596,-96.223892,31.6659359048003,-96.2239704772314,,,
9893,,Birthplace of Harvey Means,31.626336,-96.379058,31.6278003399599,-96.3786268463002,,,
9916,,Wortham Schools,,,31.7874001079149,-96.4653940713635,,,
9926,,Old Austin Home,29.307817,-94.784752,29.3079699622394,-94.7850172583367,,,
9936,,Bumpus House,32.535447,-94.94468,32.5354298524149,-94.9446608060667,,,
9943,,Dean-Keener-Crim House,32.390242,-94.872816,32.3901534501228,-94.8728608858553,,,
9972,,Kilgore Public Library,32.3834,-94.869474,32.3832841045884,-94.8695065853211,,,
9973,,"Gregg County Discovery Oil Well, F. K. Lathrop A-1, Aransas Fuel Oil Co.",32.542655,-94.8188,32.5415431816382,-94.8239448294116,,,
9985,,Northcutt House,32.491564,-94.740545,32.4914700376484,-94.7402995144385,,,
9986,,Peatown Christian Church,32.386515,-94.753203,32.3877668614465,-94.7542048756889,,,
9988,,Pine Tree Cumberland Presbyterian Church,32.525043,-94.806106,32.5251923192678,-94.805593139022,,,
9991,,Rock Springs Schoolhouse,32.49898,-94.971769,32.4987819231907,-94.9717315746276,,,
9998,,Shiloh Baptist Church,30.988769,-96.38285,32.5719687856289,-94.8618753629079,,,
10000,,Early Teague Home,32.502095,-94.723978,32.5021169743016,-94.7240630509265,,,
10002,,Wartime Home Industry,32.535864,-94.789915,32.53601054395,-94.7900645218382,,,
10013,,The Burrer Home,30.313199,-98.844264,30.3383564740623,-98.8247037234451,,,
10037,,First Baptist Church of Harper,30.326249,-99.231664,30.3001025121964,-99.241719173756,,,
10051,,Harper Presbyterian Church,30.377881,-99.176196,30.3008443519025,-99.2529019903985,,,
10061,,Liveoak Creek Log Cabin,30.309041,-98.960956,30.3090037606464,-98.9609144824006,,,
10062,,Lyndon Baines Johnson,30.243392,-98.597991,30.2405405642482,-98.6094776964833,,,
10070,,Andreas and Frederike Lindig Farmstead,30.233886,-98.60862,30.2338735595581,-98.6086138851369,,,
10073,,Lower South Grape Creek School,30.223305,-98.72804,30.2233030871939,-98.7281351054574,,,
10086,,Morris Ranch Schoolhouse,30.219272,-99.013966,30.2189182133674,-99.0155918675388,,,
10088,,Albert Nebgen House,30.222233,-98.639144,30.2222422557759,-98.6391219333769,,,
10101,,D. C. Riley House,30.432981,-98.798378,30.4331669099772,-98.7976216660349,,,
10133,,Site of Zodiac,30.235198,-98.809623,30.2351860916921,-98.8096097712352,,,
10152,,William Delafield,,,32.571284896098,-94.6537767815949,,,
10158,,First Presbyterian Church,31.898579,-98.602871,32.5473326372387,-94.3701788187497,,,
10160,,Forrest-Rogers-Dollahite Cemetery,32.443064,-94.595345,32.441024696768,-94.5927181785557,,,
10171,,The Hallsville Cemetery,32.503349,-94.580666,32.5036860411957,-94.5798620531248,,,
10173,,Harleton Methodist Church,32.674399,-94.575258,32.6746583582013,-94.5747401149391,,,
10177,,Harrison County Courthouse,32.544865,-94.367605,32.5450923705994,-94.3672634970436,,,
10179,,John Barry Henderson Home,32.617073,-94.336259,32.6182916562419,-94.3368099935448,,,
10183,,LaGrone's Chapel,,,32.5706825686655,-94.6527621270097,,,
10186,,"Robert W. Loughery, Civil War Editor",32.545966,-94.365136,32.5459538386061,-94.3645504656546,,,
10201,,Noonday Holiness Camp Interdenominational,32.5553,-94.590746,32.5550111879333,-94.5900400878321,,,
10205,,Magnolia Hall,32.546551,-94.364361,32.546965028081,-94.3645806240165,,,
10206,,Pleasant Hill Baptist Church,32.438745,-94.549065,32.4384123775931,-94.5483885583441,,,
10214,,Smyrna Cemetery,32.727573,-94.630569,32.7272612896662,-94.630324451104,,,
10225,,Ware Home,32.449126,-94.286329,32.4496152617374,-94.2848961561476,,,
10234,,Barton Cemetery,,,30.0612864006914,-97.8746586499264,,,
10238,,Blanco Chapel,29.983095,-97.907813,29.9890380448893,-97.9193409182468,,,
10244,,"Built in 1850's by Edw. Burleson, Jr.",29.912089,-97.929036,29.9120755077419,-97.9289861821371,,,
10245,,Burleson Home,29.893545,-97.929246,29.8947061102446,-97.9301891122977,,,
10247,,Caldwell-Kone-Hyatt House,29.881346,-97.948573,29.8811238716333,-97.9489895418339,,,
10254,,Czichos House,29.985947,-98.110614,29.9855872068738,-98.111030566369,,,
10255,,Basil Dailey House,29.88128,-97.944577,29.8812334731557,-97.9445664837826,,,-- (medallion only).
10284,,Immanuel Baptist Church,29.942756,-97.827674,29.9421728630684,-97.8272663425983,,,
10286,,Kone-Cliett House,29.881191,-97.950479,29.8808736868528,-97.9509415359224,,,
10291,,Claiborne Kyle Log House,29.965362,-97.902317,29.9652428597276,-97.9022924991928,,,
10297,,Robert Early McKie House,29.882751,-97.950121,29.8826455877387,-97.9500889555345,,,
10302,,Eli T. Merriman Home,28.666624,-97.768274,29.8924997261239,-97.9305543586683,,,
10304,,Appoximate Site of the Missions,29.893545,-97.929246,29.8944809236022,-97.9309298678708,,,
10305,,William W. Moon,29.884164,-97.938582,29.884520083448,-97.937722410403,,,
10307,,Old Main,,,29.8892552459457,-97.9390252698129,,,
10312,,Dr. Joseph M. Pound,30.201888,-98.114268,30.1996150825289,-98.080862695207,,,
10314,,Site of Sidney J. Pyland Blacksmith Shop,29.996028,-98.097483,29.9959767607419,-98.0967469811864,,,
10315,,Julia Ann Ragsdale Home,30.010528,-98.094645,30.0121533953473,-98.0946753671825,,,
10317,,Joseph B. Rogers House,30.117453,-97.975528,30.1168407891687,-97.9750170154609,,,
10324,,Site of San Marcos National Fish Hatchery,29.888348,-97.936974,29.8879783622521,-97.9362602924262,,,
10327,,John Henry Saunders Homestead,29.996875,-98.096044,29.9965310643871,-98.0963321706922,,,
10329,,Old Storey Home,29.881364,-97.950276,29.8815179248419,-97.9505521678417,,,
10339,,Ike Wood House,29.877422,-97.951888,29.8778025994445,-97.9525387482692,,,
10341,,Durham Avant,32.272048,-96.179077,32.2730466828381,-96.1783219088248,,,
10342,,William P. Avant,32.272048,-96.179077,32.273077865803,-96.17833263786,,,
10347,,Carroll Springs Methodist Church,32.04847,-95.766798,32.0487557612192,-95.7671520879707,,,
10353,,Fincastle,32.128666,-95.571598,32.1288648625227,-95.5678743116525,,,
10355,,First Baptist Church of Malakoff,32.169669,-96.01434,32.1694394850244,-96.0145847607643,,,
10360,,Goshen Cemetery,32.353369,-96.013175,32.3531332058823,-96.0132649521713,,,
10364,,"Arthur C. Horton, M.D.",32.28302,-95.696437,32.2831395002048,-95.6940565812356,,,
10367,,Meredith Campground and Tabernacle,32.343414,-95.873237,32.3445897053,-95.871735674787,,,
10370,,Payne Springs Methodist Church and Cemetery,32.279453,-96.069199,32.2788433793037,-96.0698212374619,,,
10374,,Red Hill Cemetery,32.28302,-95.696437,32.2831514054439,-95.694057249448,,,
10377,,Old Rock Hill Cemetery,32.291238,-95.541168,32.2925155065479,-95.5517494915728,,,
10378,,Science Hill,32.02902,-95.940562,32.0278150363168,-95.9410693265843,,,
10382,,Site of Old Andress Inn,30.709891,-94.933459,30.7093365953578,-94.9330817349278,,,
10383,,Major Henry W. Augustine,30.575666,-94.697215,30.575860798444,-94.6974383341005,,,
10390,,Damascus Missionary Baptist Church,31.080098,-94.765114,31.080485514408,-94.7656816678609,,,
10396,,William Barnett Hardin,30.911823,-94.893398,30.9116012139292,-94.8933641767321,,,
10398,,Augustus Darby Home,30.907248,-94.903958,30.9080330207135,-94.9040108849686,,,
10399,,Roscoe D. Holliday,,,30.635320652344,-94.9108081319244,,,
10411,,"Menard Chapel Church, School, and Cemetery",30.603472,-94.761613,30.6036359005675,-94.7618735516807,,,
10421,,Capt. Hardy B. Purvis,30.635458,-94.910787,30.6354326417378,-94.9107746304559,,,
10424,,Chief John Scott,30.715733,-94.674697,30.715464479992,-94.6747929357818,,,128
10425,,Sunflower Baptist Church,30.636372,-94.712474,30.6360031302525,-94.7122071503242,,,
10428,,"Captain Isaac Newton Moreland Turner, C. S. A.",30.767393,-94.643611,30.7547540952487,-94.6434333517711,,,
10429,,Wheeler Cemetery,31.109695,-94.823484,31.1129908799344,-94.8265464456945,,,
10430,,Union Springs Baptist Church,31.008589,-94.838627,31.0091643691306,-94.8385864718043,,,
10434,,Beech Grove Baptist Church,30.860553,-94.121344,30.8605953367933,-94.1207089316565,,,
10437,,Byerlys Camp Ground Cemetery,30.909198,-94.075031,30.9081932272739,-94.074314272424,,,
10438,,Davis Cemetery,30.755627,-93.959484,30.7556406740656,-93.9594032243333,,,
10439,,Dewitt Clinton Lodge No. 29 A.F. & A.M.,30.909198,-94.006029,30.9092434761493,-94.0059110762281,,,
10440,,Dixie Baptist Church,30.926361,-94.126716,30.9321997051358,-94.1258893804206,,,
10441,,R. C. Doom House,30.923794,-94.124237,30.923624846605,-94.1242798694903,,,
10442,,Ebenezer Cemetery,32.99404,-94.952116,31.0377043835283,-94.1636952325052,,,
10443,,Ebenezer Methodist Church,31.045233,-94.154091,31.0376733407084,-94.1653265815949,,,
10444,,Here Lived Dr. Stephen H. Everitt,30.913642,-94.12642,30.9136715830315,-94.1263986973649,,,
10448,,Friendship Cemetery,30.784446,-93.871346,30.7810807487632,-93.8749321334378,,,
10450,,Homer Community Cemetery,30.978198,-94.208259,30.9775331403944,-94.2077268332384,,,
10451,,Homer Methodist Church,30.973385,-94.204848,30.9729753233692,-94.205324031981,,,
10457,,Little Hope Cemetery,30.903081,-94.112422,30.9024650744699,-94.1106504061071,,,
10458,,Little Hope Primitive Baptist Church,30.902235,-94.10896,30.9026570413953,-94.110003442975,,,
10459,,Magnolia Springs Cemetery,30.726541,-94.031879,30.7297429321455,-94.0307890649427,,,
10460,,"Norsworthy-Kellie Homestead, Glorianna",30.852068,-94.022553,30.853845987412,-94.0226497767025,,,
10462,,Pinetucky,30.715729,-94.030991,30.7165944849781,-94.030429482706,,,
10464,,Andrew F. Smyth Home,,,30.935395591653,-94.1441781452646,,,
10496,,Beaumont: Lumber Mill City of the Nineteenth Century,30.08165,-94.096762,30.0820925381984,-94.0931231019958,,,
10516,,First Baptist Church of Beaumont,30.086422,-94.102297,30.1134881459851,-94.1915417490791,,,
10518,,First Christian Church of Beaumont,30.081062,-94.150754,30.0811730757482,-94.1506909844406,,,
10522,,First Security National Bank,30.082565,-94.09897,30.0825075634301,-94.0989499174675,,,
10534,,Caroline Gilbert Hinchee House,29.167937,-94.084198,30.0702871856467,-94.0939307966964,,,
10545,,Morris-Booz-White House,29.886689,-93.917991,29.8871002944635,-93.9179530079404,,,
10562,,Site of Santa Anna,30.065805,-94.079469,30.0660367487506,-94.0794395433268,,,
10566,,South Park High School,30.043093,-94.084672,30.0426031460171,-94.0851012224236,,,
10573,,Nancy Tevis,30.081558,-94.096992,30.0821377567585,-94.0933650832928,,,
10592,,Allen's Landing,29.763934,-95.359211,29.7641428984184,-95.3589733787568,,,
10653,,"Old Dyer House, 1890",29.637284,-95.525311,29.6374269587759,-95.5258910241362,,,
10728,,Tod-Milby Home Site,29.721895,-95.277891,29.7216069337676,-95.2788634998308,,,
10739,,Brill-Mueller House,30.07007,-95.61121,30.0696799862572,-95.6088490845586,,,
10751,,Samuel Paschall,29.758881,-95.345382,29.7591243409094,-95.3441140298598,,,
10763,,St. Peter Church,29.800565,-95.512263,29.8003956989466,-95.5130357108101,,,
10776,,Shepherd Drive Methodist Church,30.318009,-95.400747,30.3193964982665,-95.3999856565194,,,
10820,,Bracken Cemetery,32.339952,-94.197675,32.3343847869876,-94.1998725078469,,,
10825,,Ebenezer United Methodist Church,32.163294,-94.451608,32.1632890031271,-94.4514681072905,,,
10828,,First United Methodist Church of Carthage,32.155172,-94.337407,32.1551943223824,-94.336892251885,,,
10829,,Grand Bluff Cemetery,32.282442,-94.333081,32.2828118786946,-94.3335123916318,,,
10834,,Mount Zion C. M. E. Church,32.159717,-94.336529,32.1602615155385,-94.3365436570639,,,
10837,,Old Center Cemetery,32.005796,-94.188196,32.0063560179184,-94.1880212688803,,,
10844,,Rehobeth United Methodist Church,32.215373,-94.347784,32.2151817545164,-94.3484061837585,,,
10847,,Rock Hill United Methodist Church,32.281743,-94.368855,32.2819186718722,-94.3697005241731,,,
10863,,Smyrna Union Church,32.848212,-95.82173,32.8488957274898,-95.8216291212672,,,
10874,,Col. Charles DeMorse Home,33.612762,-95.049412,33.6128436777643,-95.0495618421693,,,
10877,,First Presbyterian Church of Clarksville,33.61022,-95.052078,33.6102372814065,-95.0521413050187,,,
10884,,McKenzie College,33.594846,-95.104662,33.5948517951778,-95.1038315415975,,,
10887,,Old W. L. Nunnely Home,33.608104,-95.049204,33.6078256531798,-95.0489849661372,,,
10895,,Andrew Thompson House,33.615878,-95.050736,33.6155104267979,-95.0515630896133,,,
10896,,Adams-White Place,30.874364,-96.591164,30.8741667494765,-96.5908173484804,,,
10900,,Bald Prairie Cemetery,31.221162,-96.431773,31.2214766837929,-96.4322336566983,,,
10901,,Bald Prairie Church of Christ,31.221209,-96.431835,31.2216267350991,-96.4325173142619,,,
10911,,Old Cavitt House,30.897724,-96.395062,30.8977155289835,-96.3950718803636,,,
10919,,Ebenezer Hearne Cemetery,,,30.8325974822816,-96.5558591034878,,,
10920,,Site of Elmo Baptist Church,,,30.9986327541888,-96.6256896280725,,,
10926,,Franklin Cemetery,31.034541,-96.486744,31.0165256496789,-96.4817173329904,,,
10935,,Nesbitt Cemetery and Beck Prairie Baptist Church,31.085605,-96.597517,31.0854510542193,-96.5977984173275,,,
10940,,Philen House,30.877998,-96.59416,30.8775113766502,-96.5941165025916,,,
10941,,Sheriff Bob Reeves,,,31.0161240640381,-96.4819041442036,,,
10949,,Isaac Phillip Stem,,,31.2495607673606,-96.4204762309879,,,
10952,,Suggs Cemetery,30.881663,-96.533636,30.882104854782,-96.532884525769,,,
10953,,Thompson Cemetery,31.250879,-96.397691,31.2506400480876,-96.3978585593907,,,
10955,,Walnut Creek Cemetery,31.181839,-96.608035,31.1820425089973,-96.6077403026433,,,
10957,,General Walter Washington Williams,31.023065,-96.422298,31.0229818673412,-96.4233309878185,,,
10960,,Birdwell House,,,31.9016240003742,-94.8711600005869,,,
10961,,A. E. Gossett Home,31.331404,-95.432275,31.33177040117,-95.4329603420308,,,
10966,,Wheeler Springs Community,31.388794,-95.579288,31.3887786525618,-95.5792929715892,,,
10982,,Dennard Home,31.916595,-94.577104,31.9166686603749,-94.5772413587566,,,
10986,,Druso,31.388873,-95.039896,31.3888459709946,-95.0397639645628,,,
10987,,Eastham Prison Farm,30.968579,-95.591789,30.9682075719352,-95.5922738539325,,,
10995,,First Methodist Church of Overton,32.274304,-94.976731,32.2742295935977,-94.9759318295793,,,
10997,,Forest Home Baptist Church,,,32.3697350001732,-94.8312449996169,,,
11002,,William C. Hays,32.00923,-94.698916,32.0095197315012,-94.6997739456428,,,
11008,,Leverett House,,,32.3121299996043,-94.9274640000937,,,
11014,,Mission Springs Baptist Church,32.124625,-94.760089,32.1245567140316,-94.7596416316738,,,
11015,,Harry Frederick Moore,31.322306,-95.460565,31.3222872225721,-95.4605979273135,,,
11016,,William Kyle McLean,31.33342,-95.466034,31.333743023131,-95.4665712245274,,,
11020,,Joseph Charles Miszner,31.994584,-94.644613,31.9947400073887,-94.6450500801417,,,
11026,,John T. C. Patrick Home,32.066882,-94.628417,32.0575750709381,-94.6357395938415,,,
11027,,Pine Grove Cumberland Presbyterian Church,32.102341,-94.653429,32.1020382452906,-94.6535572622948,,,
11029,,Clark-Dickey and Smith Cemeteries,,,31.1974351237267,-93.7912164252591,,,
11035,,William Gasby Cemetery,31.464922,-93.932289,31.4654719264579,-93.9321960050024,,,
11036,,Gellatly Family Cemetery,31.486372,-93.858131,31.4871779638823,-93.8569929488361,,,
11038,,Jones-Sweet House,31.479138,-93.917713,31.4789578058733,-93.9172507322465,,,
11040,,Isaac Low Cemetery,31.365106,-93.683817,31.3680009694975,-93.6858199592502,,,
11046,,New Hope-Bethel Baptist Church,31.49689,-93.84755,31.4970022821978,-93.8467485554572,,,
11059,,Capt. Robert Smith,,,32.209829999451,-94.8893799994103,,,
11090,,Davy Crockett Memorial Park,31.309327,-95.454923,31.3088281521844,-95.4540620654685,,,
11098,,Biloxi Community,30.649693,-93.76864,30.6497524484309,-93.7692978224981,,,
11099,,Bleakwood Cemetery,30.699062,-93.825595,30.6992787804897,-93.82538412572,,,
11112,,Farr's Chapel Cemetery,30.940209,-93.811707,30.9384491148329,-93.8132449236204,,,
11117,,Howell Cemetery,30.828598,-93.865533,30.8285291908928,-93.8647830134807,,,
11118,,Josephus S. Irvine,30.801083,-93.750452,30.79811192432,-93.7522612589231,,,
11119,,McFarland-Wilson Cemetery,30.682226,-93.767979,30.6827067999342,-93.767863342894,,,
11123,,Old Union Church & Cemetery,30.875571,-93.618606,30.8749308285706,-93.6170892150039,,,
11137,,Toledo Bend,31.178041,-93.569059,31.1735331345586,-93.5641915228775,,,
11139,,Watson Chapel Cemetery,30.678252,-93.811616,30.6776329733224,-93.812321113042,,,
11140,,Watson Chapel Methodist Church,30.678252,-93.811616,30.6777465867637,-93.8120294235247,,,
11141,,Weeks Chapel Cemetery,31.032644,-93.865026,31.0321279374804,-93.8648774997507,,,
11151,,200 Feet North to Site of Hardin County Discovery Well,30.286166,-94.510191,30.286155090663,-94.5102439736967,,,
11156,,Harvey Houses of Silsbee,30.349506,-94.176335,30.3488228949716,-94.1765791115457,,,
11159,,Hooks Cemetery,33.297138,-93.285978,30.3770427,-94.314229,,,
11160,,Jackson Family Cemetery,30.142489,-94.407805,30.1421097699729,-94.4087434032201,,,
11161,,Stephen Jackson,30.13798,-94.411821,30.1382470224565,-94.4119028595797,,,
11165,,Pine Ridge Baptist Church,30.201653,-94.352926,30.2021416465796,-94.3542673549089,,,
11166,,Silsbee Ice Plant,30.348495,-94.177266,30.3486105840519,-94.1771663366667,,,
11170,,Broadstreet Farmhouse,33.182898,-94.926172,33.1835202786959,-94.9216333831783,,,Possibly Missing. I can’t find it on google maps nor any web search.
11172,,Cooper's Chapel Church and Cemetery,33.271099,-94.858429,33.2713581688406,-94.857827643913,,,
11177,,The Rev. Edward Hollister Green,33.248984,-94.989189,33.2489823175229,-94.9892065574451,,,
11181,,W. R. M. Slaughter Home,33.191168,-94.97402,33.2594461446222,-94.9991935406107,,,Possibly Missing. I can’t find it on google maps nor any web search.
11188,,Andrew Edwards Gossett,31.315543,-95.460956,31.3089037970692,-95.4542961944973,,,
11189,,Frank Mulder Gossett,31.322163,-95.460509,31.3221377854589,-95.4605413594787,,,
11192,,Spinks-Mayes Building,31.318374,-95.457854,31.3184882493565,-95.4579500648939,,,
11193,,Rudd Crawford Spinks,31.315392,-95.465564,31.3339610086383,-95.4668219930305,,,
11196,,Andrew Edwards Gossett,31.308651,-95.454905,31.3089037970692,-95.4542961944973,,,
11218,,Cannon-Stanton House,31.317791,-95.442217,31.3165912222004,-95.4413224604419,,,
11220,,Newton-Norris House,31.317769,-95.449725,31.3179989542989,-95.4511769727146,,,
11226,,Congressman Nat Patton,31.329935,-95.462024,31.333743023131,-95.4665712245274,,,
11230,,Balis Edens Cemetery,31.519935,-95.580424,31.5003407652377,-95.612981093458,,,
11239,,William Van McConnell,31.322157,-95.460782,31.322122760449,-95.4607904487195,,,
11240,,Site of R. E. McConnell Property,31.318334,-95.455851,31.3182324053143,-95.4554449151954,,,
11245,,Daniel McLean_John Sheridan,31.531464,-95.331458,31.5314598633509,-95.3315116282205,,,
11254,,Elwood Cemetery,31.072603,-95.805393,31.0784632719678,-95.8020905696445,,,
11255,,Elwood Methodist Church,31.06765,-95.803403,31.0676272119158,-95.8033863326351,,,
11267,,Art Schoolhouse,30.733682,-99.110529,30.7341306860993,-99.1118054649621,,,
11271,,Crosby Cemetery,30.75871,-99.249233,30.7575521957115,-99.2431948338792,,,
11307,,Alex Earp,32.714633,-95.073045,32.7148670549294,-95.0722253671881,,,
11309,,Enon Baptist Church,32.773752,-95.03764,32.7736758428427,-95.0386305110428,,,
11314,,Site of Old Gilmer,32.74725,-94.954768,32.7536003532711,-94.9674929052645,,,
11315,,Site of the Guarantee State Bank,32.798866,-94.717855,32.7988826367811,-94.7178523058104,,,
11319,,Sam Houston Spoke Here,32.729191,-94.94457,32.7289855616828,-94.9442645506557,,,
11320,,Site of an Indian Village,32.72675,-94.947897,32.7266249584839,-94.9474626238379,,,
11323,,Lafayette Cemetery,32.892625,-94.842135,32.8974108169074,-94.8550324179827,,,
11325,,Little Mound Baptist Church and Cemetery,32.724529,-95.133062,32.7245633044919,-95.1331555086432,,,
11330,,Murry Institute,32.802111,-94.707463,32.8021088906906,-94.7071944572055,,,
11334,,Parson McClelland School,32.631709,-94.864949,32.6313756063542,-94.8662384382339,,,
11340,,Meshack Roberts,32.727782,-94.928405,32.7274859535548,-94.9281051806063,,,
11342,,Rosewood Cemetery,32.742092,-95.079678,32.7476876213228,-95.0840450535168,,,
11344,,Soules Chapel Methodist Church,32.829781,-95.072865,32.829761517698,-95.0734181483105,,,
11345,,Site of Stamps School,32.75645,-100.79565,32.7564943323844,-94.7956477712216,,,
11347,,Two Early Railroads,32.690808,-94.750541,32.6908028673254,-94.750522096562,,,
11348,,Unknown Soldier,32.684074,-94.988102,32.6840531483804,-94.9877514245533,,,
11352,,Walnut Creek Baptist Church,32.735618,-94.740565,32.7357265469642,-94.7395840979808,,,
11356,,"James Barclay Place, 1842",30.699527,-94.494612,30.6995871517531,-94.4946481172848,,,
11359,,Burch-Cauble House,30.947909,-94.6083,30.9483520011885,-94.6087446017099,,,
11360,,Valentine Burch,30.948293,-94.607165,30.9487250714033,-94.6069776181966,,,
11361,,Colmesneil-Mount Zion Cemetery,30.904257,-94.423247,30.9004528524904,-94.4253810638744,,,
11362,,Cooper-Reid Home,30.775398,-94.422381,30.775374948356,-94.422286765243,,,
11366,,Enloe Mill,30.936377,-94.475416,30.9364281560227,-94.4753589884959,,,
11373,,Site of Fort Inge,29.179281,-99.765389,29.1784374435764,-99.7659367337651,,,
11375,,Allen Cemetery,,,32.6510965182491,-96.0108023893539,,,
11385,,Carter Cemetery,32.476602,-95.811068,32.4766150646255,-95.8111322240496,,,
11388,,Coltharp-Beall House,32.361169,-95.504195,32.3611295601635,-95.5041771717569,,,
11393,,Cox Cemetery,32.444217,-95.767848,32.4510485680281,-95.7717560202412,,,
11414,,Frontier Red Hill Cemetery,32.410952,-95.557307,32.4108031781494,-95.5573952273938,,,
11424,,Little Hope Baptist Church,32.482032,-95.7956,32.482043485251,-95.7965649580459,,,
11430,,Morris Cemetery,32.401184,-95.894803,32.4009769504839,-95.8946313981468,,,
11431,,Morton Salt Company Building,32.674443,-95.705463,32.6577589902257,-95.7046424980307,,,
11433,,Prairie Springs Cemetery,32.463709,-95.729156,32.4641239407073,-95.7283751812649,,,
11437,,Roseland Plantation Home,32.381961,-95.514301,32.3811068433446,-95.5141582095654,,,
11450,,"Mount Hope Lodge No. 121, A. F. & A. M.",30.925043,-94.598498,30.9253085326173,-94.5977724966759,,,
11451,,Site of Old Peach Tree Village,30.945739,-94.613779,30.9461668669154,-94.6150658085734,,,
11455,,Sunny Dell Missionary Baptist Church,30.942958,-94.465469,30.9433466113276,-94.4646915485956,,,
11461,,John Wheat,30.738267,-94.414168,30.7385278662169,-94.4137284867972,,,
11467,,Zion Hill Missionary Baptist Church,30.909953,-94.423729,30.9103432724951,-94.4230315519647,,,
11477,,Putnam B. Curry,,,30.0860324812978,-93.7377269283893,,,
11488,,Site of The Kishi Colony,30.088062,-93.936319,30.0878230937568,-93.9353825873708,,,
11489,,Emma George Latchem,30.083751,-93.740807,30.0855501811497,-93.7406523064389,,,
11495,,Lutcher & Moore Lumber Company,30.075168,-93.726054,30.0798666726819,-93.7292977107847,,,
11497,,"Madison Lodge No. 126, A. F. & A. M.",30.093263,-93.734435,30.0898570649136,-93.774775288861,,,
11501,,B. H. Norsworthy,30.083751,-93.740807,30.0860324812978,-93.7377269283893,,,
11510,,Robert B. Russell,30.083751,-93.740807,30.0855501811497,-93.7406523064389,,,
11515,,Charles Holmes Saxon,30.083751,-93.740807,30.0855501811497,-93.7406523064389,,,
11521,,Jerome Swinford,30.083751,-93.740807,30.0855501811497,-93.7406523064389,,,
11526,,Roberts House,33.627095,-96.607587,33.627328165787,-96.6080188123363,,,
11541,,Old Thompson Home,33.730198,-96.586772,33.7302397456105,-96.5868297518232,,,
11545,,Trinity United Presbyterian Church,33.655487,-96.623437,33.637104765853,-96.6132429458373,,,
11553,,William Williamson,30.22622,-94.021514,30.2273679413049,-94.0213469200515,,,
11555,,David Robert Wingate,30.083751,-93.740807,30.0860324812978,-93.7377269283893,,,
11564,,R. N. Younger Home,33.657907,-96.90519,33.6578705785323,-96.9040841633837,,,
11590,,Wedell's Corner,29.398216,-94.892563,29.3982652708127,-94.8927489785137,,,
11602,,James L. Collins,32.087313,-96.500595,32.0853967935833,-96.4993875694531,,,
11609,,Corsicana State Home,32.077837,-96.508924,32.0755901561808,-96.507022219906,,,
11623,,Pleasant Grove United Methodist Church,32.062108,-96.49938,32.0619586972058,-96.4979714459904,,,
11625,,Prairie Point Church and Cemetery,32.195729,-96.266015,32.1970015076381,-96.2655335296436,,,
11626,,Raleigh Cemetery,32.008485,-96.699122,32.0090820877908,-96.6989652286044,,,
11633,,The Scales-Fortson House,32.092539,-96.468891,32.0929425264519,-96.4693005443616,,,
11654,,Beulah School,,,31.1853822422383,-94.6692074231696,,,
11657,,Lufkin Telephone Exchange,,,31.3402624082395,-94.7286092592752,,,
11669,,Rock Hill Baptist Church,32.898271,-95.468107,32.9000160572939,-95.4681895481025,,,
11670,,Corbitt Home,,,32.8633637545328,-95.1587126575841,,,
11678,,Lewis-Bivins House,32.49095,-94.739605,32.4909127466738,-94.7395942991532,,,
11687,,Site of Collin McKinney Homestead,,,33.3847004997134,-96.5578231507132,,,
11689,,Site of Friendship Community School,,,32.6921789288404,-95.6473264448398,,,
11700,,McGregor Cemetery (Scottish Presbyterian Cemetery),,,30.0486901942223,-96.5388592285103,,,
11705,,Pitts Place,29.805598,-96.102525,29.8061930241713,-96.102443416807,,,
11709,,Spring Creek Cemetery,,,33.5505831430682,-97.2018730408623,,,
11713,,Huntington,,,31.2827353477765,-94.5743495981382,,,
11724,,First Christian Church of Temple,31.100559,-97.343056,31.1006697341953,-97.3432905764773,,,
11725,,King's Daughters Hospital,31.074732,-97.375526,31.0728341747536,-97.3749400686274,,,
11726,,King's Daughters Hospital School of Nursing,31.074732,-97.375526,31.0728341747536,-97.3749400686274,,,
11728,,Dr. John S. and Mary McCelvey House,31.106076,-97.344134,31.1061300326313,-97.3442924473688,,,
11736,,Tennessee Valley,,,31.1099158303176,-97.4684636389099,,,
11758,,Scrutchfield Cemetery,,,31.6654080914835,-97.5157769783507,,,
11759,,Lowry Hampton Scrutchfield,,,31.6651598075473,-97.5159251254869,,,
11760,,Earl-Rochelle House,33.43491,-94.044035,33.4355606260173,-94.043994400336,,,
11761,,Ellis House,33.426831,-94.044621,33.4272417458821,-94.0447971843969,,,
11762,,First Presbyterian Church of Angleton,29.164169,-95.429163,29.163870794868,-95.4291832745518,,,
11769,,Connell Cemetery,,,31.7025205860283,-98.9391288644327,,,
11788,,First Baptist Church of La Feria,26.156026,-97.824735,26.1560991587888,-97.8246827824292,,,
11794,,Tilton Cemetery,29.849117,-94.812262,29.8497517729549,-94.8104075755312,,,
11797,,Cook Cemetery,,,31.6901043440046,-95.0004452127994,,,
11799,,Site of Ferguson-Ford Mill,,,31.7824540838053,-95.2264398402348,,,
11805,,Sardis-Edgefield Cemetery,,,31.6983092586511,-95.2531925808787,,,
11852,,Burkett House,32.388947,-98.820147,32.3889307420647,-98.8200498398586,,,
11856,,Franklin Canal,31.769036,-106.442254,31.7691578131958,-106.443752690914,,,
11870,,Purves Live Oak Cemetery,32.010671,-98.292862,32.0124771130328,-98.2934653471063,,,
11907,,Mary Florence Cowell,33.654504,-96.902286,33.6544899076206,-96.9021729920334,,,
11915,,Driller Park,32.373732,-94.881017,32.3714146848937,-94.8797753741086,,,
11916,,Elmira Chapel Cumberland Presbyterian Church,32.563152,-94.799772,32.5629060238893,-94.7998031672206,,,
11917,,First Baptist Church of Judson,32.589735,-94.770921,32.5895747728768,-94.7709186567891,,,
11922,,Waller Cemetery,,,30.450038054558,-95.8395070701862,,,
11925,,Manning-Gordon-Henderson House,31.703069,-98.124537,31.7030460559942,-98.124596176149,,,
11940,,First United Methodist Church of Ganado,29.034383,-96.509957,29.0343380873435,-96.5107255052202,,,
11946,,Mildred Buildings,30.085924,-94.109895,30.0857910383669,-94.1098090885772,,,
11947,,New Hope Missionary Baptist Church,29.873073,-93.95296,29.8732055169272,-93.9530303948517,,,
11948,,Presbyterian Church of the Covenant,29.980005,-93.994179,30.0045198785057,-94.0279957838732,,,
11966,,Myers Cemetery,,,32.4479165969733,-97.2356797705798,,,
11976,,Smyrna United Methodist Church,,,32.727725845034,-94.6304003151698,,,
11984,,Swenson Ranch Commissary,32.941576,-99.803181,32.9411478731,-99.8031784624157,,,
11987,,Hillcrest Cemetery,,,32.7530950899884,-96.4729893654932,,,
11992,,Cade House,,,30.0686603329408,-99.2695981111598,,,
12009,,Barker Cemetery,,,32.1832147445615,-95.7730771122257,,,
12013,,Paris Junior College,33.652853,-95.529727,33.6522735308182,-95.5307737930558,,,
12024,,Site of Bethany Lutheran Church and School,,,30.1136120888931,-96.8640222211428,,,
12028,,Billington Cemetery,31.693554,-96.788566,31.6884000324311,-96.8752349920696,,,
12030,,Gunter Cemetery,,,31.3902436842005,-96.6499583921333,,,
12033,,Chew Cemetery,,,30.797140337749,-98.9494018373957,,,
12052,,New York Baptist Church,,,32.1658579859946,-95.6666095511335,,,
12057,,Thomas Boucher Wood Family Cemetery,,,32.2156147401996,-95.8435284333398,,,
12070,,Vine Grove Christian Church,,,28.8985798489597,-95.8074479599109,,,
12075,,Graham-Mason Cemetery,,,31.9673459064551,-96.8553437479722,,,
12098,,Hotel Wiley,,,31.823680204114,-94.4904775964978,,,
12100,,Libby Community Cemetery,,,31.710453444718,-94.4520797698755,,,
12111,,Chatfield Baptist Church,32.250549,-96.412576,32.25043918503,-96.4125060449075,,,
12112,,Josiah Martin Daniel,32.131534,-96.227771,32.131528035567,-96.2277911057368,,,
12114,,Rural Shade,,,32.049783558578,-96.1376214638972,,,
12155,,John Hobson,,,30.8727145531413,-96.9040796824949,,,
12158,,Mount Olive Primitive Baptist Church and Cemetery,31.594297,-98.469598,31.593981961887,-98.4694770749937,,,
12160,,Lindale Cemetery,33.578341,-97.801801,33.5799537216075,-97.8019508532971,,,
12165,,Cypress Creek Cemetery,29.809127,-99.677896,29.8097534053877,-99.677743735921,,,
12167,,Ringo Ferry and Ringo Cemetery,33.409284,-95.282833,33.4112492924461,-95.2832097331271,,,
12171,,Arlam Baptist Church,31.876326,-94.533764,31.8758079994009,-94.5339129995058,,,
12236,,Site of Omaha School,33.181364,-94.741443,33.1823935629093,-94.7412885014407,,,
12260,,Ingram Cemetery,,,32.3640322515217,-95.5295434943489,,,
12261,,Site of C. W. Morris Cotton Gin,,,32.3722399209519,-95.6065000637329,,,
12267,,Small Community and Cemetery,,,32.7474301145898,-95.8559590471964,,,
12268,,Stanger Springs Church,,,32.4243324689471,-95.6636207459382,,,
12285,,Birthplace of Hedwig T. Kniker,,,30.2574755495669,-96.4669368004494,,,
12312,,Rush Creek Community Cemetery,33.418202,-97.518748,33.4188251105984,-97.5177408161486,,,
12328,,Bowman Ridge Cemetery,32.097217,-98.218223,32.0996729167125,-98.2181909470153,,,
12329,,Utopia Baptist Church,29.615186,-99.528275,29.6152817496545,-99.5255488376189,,,
12332,,Preskitt Cemetery,,,33.2051979955535,-97.6434538489052,,,
12334,,Texas Company Refinery at Port Arthur (Port Arthur Works),,,29.8905671107478,-93.9494119467738,,,
12336,,Shelton's Bear Creek Cemetery,32.8249507061001,-97.01313712622,32.8249177957031,-97.0128918450495,,,
12352,,Hancock Cemetery,32.029101,-98.233607,32.0307939912594,-98.2336090108695,,,
12372,,Nelson Grove Cemetery,33.633466,-97.010196,33.6334919010332,-97.0101751860129,,,
12374,,Caudle Cemetery,32.024402,-98.226403,32.0260950019321,-98.2264049950345,,,
12389,,Boren Cemetery,32.313595,-96.744037,32.3135152936183,-96.7442858563942,,,
12391,,Messer-Limmer Farmhouse,31.120332,-97.361388,31.1216051013622,-97.3577812818825,,,
12392,,Donohoe Cemetery,30.816925,-97.332644,30.8182935183158,-97.3327743769725,,,
12402,,Lambert House,29.80324,-96.097643,29.803293669381,-96.0982548422796,,,
12405,,Black Cherry Tree,,,33.4278724376847,-94.3106160170052,,,
12419,,Durazno Plantation,28.95627,-95.449906,28.95785500055,-95.449896011389,,,
12437,,Granja Rio Vista,31.66171,-106.260086,31.6614612341192,-106.265819086268,,,
12440,,Floyd H. (Slats) Rodgers,26.185191,-98.241789,26.1810462978534,-98.2401816614281,,,
12474,,Fischer House,29.923092,-98.372274,29.9229400212935,-98.3723201013647,,,
12475,,Fischer Homestead,29.922101,-98.372539,29.9221381934011,-98.3724503344531,,,
12479,,James Menees Lindsay,33.630711,-97.126969,33.6320022582937,-97.1263789023253,,,
12487,,Plum Grove Baptist Church and Cemetery,,,29.9345693579519,-96.9580874032795,,,
12535,,Price-Sossaman-Slaughter Cemetery,,,31.5291877779125,-94.0991224326545,,,
12539,,La Quinta de las Piedras (Miguel Menchaca House),29.626344,-98.683475,29.6284897285212,-98.6848505784405,,,
12553,,First United Methodist Church of Bridgeport,33.203536,-97.749759,33.2031714186193,-97.7495126567218,,,
12572,,Shiloh Cemetery,32.518163,-96.89535,32.5172156125237,-96.8953344531512,,,
12586,,First United Methodist Church of Roby,,,32.7471025931228,-100.381173036526,,,
12594,,Simpson Building,34.295893,-99.739161,34.2978682168455,-99.7396752844472,,,
12598,,Thrifty,31.80867,-99.131462,31.8105895883203,-99.1313496374744,,,
12620,,Sardis Baptist Church,31.706589,-95.252508,31.7065983084693,-95.252497649818,,,
12635,,Caddo,32.710947,-98.667796,32.7129525190446,-98.6680584476245,,,
12636,,Rocky Branch,33.109895,-94.698262,33.1120269516989,-94.6986317456087,,,
12656,,Erected in the Centennial Year to Commemorate Founding of Delta County,33.408318,-95.652996,33.4082357115817,-95.6530907120966,,,
12660,,Site of Dobskyville,28.903544,-97.406197,28.903555526542,-97.4062166845719,,,"THC records this marker as missing, but it is mapped in OSM by another user (TravGW, node 6223942175), so it is not ours to remove. The marker is not present in hmdb.org, so the missing status is unverified. Reviewed 2026-08-15."
12663,,Malakoff,,,32.1768831837319,-96.0149465786113,,,
12666,,"Sour Lake, C.S.A.",30.13798,-94.411821,30.1382627131164,-94.4119030957964,,,
12674,,Site of Wardville,,,32.3236058034504,-97.4473814628127,,,
12705,,Sattler Post Office,29.869963,-98.160672,29.8699248769681,-98.1606433315517,,,
12716,,First Berean Missionary Baptist Church,28.908556,-95.772549,28.9103682306366,-95.7726708732009,,,
12718,,Upper Yorktown Cemetery,28.995176,-97.506052,28.9969613917793,-97.5039149058823,,,
12737,,Corinth Baptist Church,31.920889,-95.192686,31.9226056637572,-95.1928842316495,,,
12747,,Cedar Branch Community School,31.439228,-95.690923,31.4393118418501,-95.6888647911837,,,
12751,,Samuel E. and Mary C. Marshall House,33.513886,-96.395986,33.5140199520864,-96.3970256059822,,,
12760,,Bushrod W. J. Wofford,32.213462,-95.882601,32.2127976940792,-95.8795791279378,,,
12764,,First Baptist Church of Buffalo,31.468398,-96.049098,31.4630116412684,-96.060694964029,,,
12768,,Morrill Orchard Company,31.592296,-95.06533,31.5904685685988,-95.0645129712435,,,
12769,,Mars Community,32.358206,-95.725247,32.3571077796183,-95.7260627688504,,,
12778,,Our Lady of the Gulf Catholic Church,28.610994,-96.626631,28.6110755835304,-96.6265586953593,,,
12809,,West Fork School,33.429385,-98.457043,33.4316139042739,-98.4574501382164,,,
12815,,Tyre Masonic Lodge No. 198,31.832896,-95.839971,31.8347629220761,-95.8394268403411,,,
12817,,Tennessee Colony Order of the Eastern Star No. 102,31.832896,-95.839971,31.8348099424262,-95.8394306541104,,,
12820,,Stampede Creek,31.273892,-97.411581,31.2738942657837,-97.4115681365867,,,
12823,,Ludwig and Caroline Giese House,30.016353,-96.646671,30.0188627285573,-96.6404529621938,,,
12834,,Rhoads Family Cemetery,,,33.3852986820911,-97.6609743237729,,,
12835,,Ellis County Farm Cemetery,32.387196,-96.791493,32.3889194875413,-96.7925415523609,,,
12840,,Chesterville Cemetery,29.604089,-96.19723,29.6040026179334,-96.1972459421912,,,
12848,,Collegeport Cemetery,28.739914,-96.168995,28.7414447210264,-96.1691936731234,,,
12849,,Grimes Cemetery,31.995419,-95.271237,31.9994493792777,-95.2724060915542,,,
12858,,Wilson Chapel Cemetery,,,30.7980547453956,-93.7521782275954,,,
12863,,Homesite of Johann and Gertruda Walzem,29.724592,-98.199255,29.7280098346471,-98.1994927519969,,,
12870,,Caddo,32.710947,-98.667796,32.7129525190446,-98.6680584476245,,,
12874,,William Shelburne Cemetery,29.965481,-96.433515,29.9675083226973,-96.4337252915014,,,
12875,,Rocky Branch,33.109895,-94.698262,33.1120269516989,-94.6986317456087,,,
12876,,Lost Creek Cemetery,31.961308,-99.006942,31.9632363386534,-99.0099201469048,,,
12891,,R. F. and Minta Pool House,25.906328,-97.498188,30.8536227856625,-96.9669428223947,,,
12897,,Glenn and Mary Gulledge Crain House,31.431829,-97.406124,31.4342253151603,-97.4070353747503,,,
12904,,Peachtree Baptist Church,30.943101,-94.097235,30.9528256396176,-94.1027422702696,,,
12909,,Sardis School,31.800066,-94.09204,31.8012821386257,-94.0941394117467,,,
12924,,Last Review of the Confederacy,32.22259,-96.416717,32.2251382623508,-96.416912349922,,,
12925,,Clearwater Baptist Church,32.997895,-95.200852,33.0002402176946,-95.2015253347464,,,
12928,,Education in Industry,29.965551,-96.501399,29.967555004235,-96.5020273424697,,,
12930,,Stubblefield Church,31.311772,-95.107268,31.3138351721829,-95.1077579016421,,,
12931,,"Benjamin Franklin and Mary Hay Langford, Jr. Home",29.72751,-99.071078,29.7280729115218,-99.0698921301783,,,
12938,,Dr. A. H. A. and Ruby Jones House,33.409879,-94.060459,33.4098851649732,-94.0603638936096,,,
12945,,Colony Cemetery,28.525522,-97.720538,28.5253329791043,-97.7201534325704,,,
12953,,Jemison Quarters Cemetery,31.811861,-95.846718,31.8112300614237,-95.8465843475097,,,
12956,,Nubbin Ridge Cemetery,32.327171,-97.739546,32.3273409756897,-97.7391917815289,,,
12959,,Bangs Cemetery,31.707878,-99.127246,31.7078142869291,-99.1273135234365,,,
12969,,Ireland Cemetery,31.569594,-97.985786,31.5723074373076,-97.9868146333141,,,
12980,,Walnut Creek Community,32.177383,-95.922838,32.17928945658,-95.9225594575707,,,
12981,,Chaffin Cemetery,31.534145,-95.523672,31.5362112700031,-95.5244698757691,,,
12985,,Smith Cemetery,32.160102,-95.94092,32.1619631968635,-95.9435270875073,,,
12991,,Reue-Eickenhorst House,30.248086,-96.361016,30.2521348249507,-96.3555401517111,,,
12993,,Samuel Shelburne Cemetery,29.995363,-96.488632,29.9955995183956,-96.4879150030316,,,
12996,,Liberty Baptist Church,30.323219,-96.346728,30.3227196045212,-96.3468644378208,,,
13000,,Abbott's Grove,32.027038,-97.094399,32.0172476010914,-97.1240596071365,,,
13002,,Campacuas Cemetery,26.186725,-97.926788,26.186489218326,-97.9277765935591,,,
13007,,The Donna News,26.170429,-98.055572,26.1698384288028,-98.0557106244084,,,
13022,,El Bethel Missionary Baptist Church,32.341234,-95.005788,32.3408988443538,-95.005684857231,,,
13025,,Long Prairie Cemetery,32.059309,-96.19877,32.0597086283571,-96.1985153102682,,,
13036,,Koch Cemetery,29.756077,-98.442702,29.7740434249737,-98.4563366907545,,,
13045,,Old Centerview Cemetery,31.297967,-94.008708,31.2978269147741,-94.0085695559858,,,
13053,,Brandt Cemetery,29.823682,-96.788987,29.8231304130557,-96.7892787004715,,,
13061,,Patroon Cemetery,31.621025,-93.976183,31.6208811938178,-93.9763296259662,,,
13072,,Lord Cemetery,29.192152,-97.413827,29.1922598452942,-97.4138590522761,,,
13076,,Palo Duro Wildorado Cemetery,35.116616,-102.203469,35.1166990252961,-102.203520860076,,,
13092,,Carroll Springs Cemetery,32.049249,-95.767902,32.0490179135847,-95.7674751641321,,,
13097,,Prairie Springs Cemetery,32.515714,-97.340268,32.5157929281879,-97.3406100995302,,,
13104,,Mount Zion Baptist Church,32.250095,-95.711326,32.2499370875997,-95.7112751031323,,,
13113,,Mount Pilgrim Missionary Baptist Church,28.94779,-95.801078,28.947500480906,-95.8012942597411,,,
13118,,Spindletop to Port Arthur Oil Pipeline Corridor,29.897248,-94.006272,29.8964753031607,-94.0058698401711,,,
13136,,Taylor's Chapel Congregational Methodist Church,32.000588,-98.67502,32.0028897352047,-98.6751669694074,,,
13139,,St. George's Episcopal Church,29.397355,-94.901404,29.3974468904875,-94.9015483257751,,,
13147,,Clark Cemetery,29.887401,-97.484623,29.8892527804363,-97.4843567785566,,,
13155,,Capt. Benjamin I. Harper,30.978962,-95.47212,30.9813751865254,-95.4753555735211,,,
13162,,Shady Grove Cemetery,31.845688,-94.360419,31.848318486547,-94.3606713785426,,,
13190,,Egypt Plantation Cemetery,29.401637,-96.235396,29.4035681931463,-96.2361243677408,,,
13196,,Bennett Cemetery,31.194142,-95.030427,31.1941232051867,-95.0304196686938,,,
13199,,Mill Creek Cemetery,31.171722,-93.663882,31.1717677416927,-93.6639141312042,,,
13208,,Ghost Road: The Big Thicket Light,30.307237,-94.542354,30.3053771006623,-94.5412431964677,,,
13211,,Sattler Family Cemetery,29.87008,-98.159284,29.8700087859261,-98.1592716348137,,,
13213,,Littleton Rattan,33.390413,-95.548476,33.3908201050186,-95.5493871805375,,,
13214,,Old Sandy Creek Cemetery,31.685372,-96.642025,31.6850819548004,-96.642037072479,,,
13215,,Alvarado Glenwood Cemetery,32.410802,-97.218991,32.4100023705117,-97.2220676446854,,,
13226,,County Line Cemetery,32.757712,-94.697339,32.7577194963579,-94.6973468101317,,,
13230,,Fairview Cemetery,35.552226,-100.962839,35.5527719210169,-100.962889742982,,,
13245,,McNeir Cemetery,29.537097,-94.755707,29.5345964298262,-94.7559081658387,,,
13249,,Shady Grove Cemetery,32.857294,-95.272771,32.8568146207385,-95.272913703337,,,
13250,,Hawthorne Cemetery,32.238092,-95.458519,32.2379883267993,-95.4593487610881,,,
13254,,First Baptist Church of Ovilla,32.526527,-96.886386,32.5266261217001,-96.8857191442414,,,
13270,,St. Mary's Our Lady of Lourdes Catholic Church,30.537285,-96.697847,30.534026895312,-96.7017139663386,,,
13289,,Strack Cemetery,30.032826,-95.478942,30.0328296400541,-95.4789523608125,,,
13305,,Gunkel Family Cemetery,29.641783,-97.612892,29.6434679459914,-97.6129595608708,,,
13308,,Site of Booker T. Washington High School,33.91534,-98.47739,33.9153052195056,-98.4777031400538,,,
13324,,The Alamo,29.425845,-98.486815,29.4257108610563,-98.4862412651965,,,
13340,,Casa Villita,29.421868,-98.488605,29.4218121358114,-98.4884127812058,,,
13350,,Fiesta House,29.421708,-98.487791,29.4217768010569,-98.4880397750586,,,
13362,,Hancock Building,30.357765,-103.661441,30.3584453369678,-103.661525664534,,,
13365,,Jack Hays House,29.421143,-98.489876,29.4216232715544,-98.4896902485395,,,
13366,,George Isbell Home,29.416023,-98.491747,29.4155991182998,-98.4920007979431,,,
13370,,Masonic Hall,30.756294,-98.227345,30.7556517926193,-98.2269993383893,,,
13371,,South Methodist Episcopal Church,30.671409,-96.369157,30.6720294522689,-96.3683826751718,,,
13372,,Mission Concepcion,29.39228,-98.492116,29.3910134597723,-98.4912949354979,,,
13373,,"Missouri, Kansas & Texas (Katy) Railroad Bridge",31.049225,-97.435574,31.0476723162852,-97.4367159807587,,,
13374,,Home of Eli H. Moores,33.434936,-94.059989,33.434948209381,-94.060748766615,,,
13381,,Pioneer School House,,,30.2080732844011,-103.244224523646,,,
13386,,Old Roman Catholic Church,30.354764,-103.660371,30.3547183889232,-103.660341701046,,,30.354958
13397,,Vollrath Building,29.416918,-98.488403,29.4169105964942,-98.4884090645887,,,
13404,,Shiloh Baptist Church,30.988769,-96.38285,30.9687024836074,-96.3370888993087,,,
13424,,Atlanta-Miller Grade School,33.117383,-94.167567,33.1171570627896,-94.1660886492403,,,
13425,,Hudgins Family Cemetery,29.430016,-96.095718,29.4303747076179,-96.0965249872288,,,
13427,,Star Hill Cemetery,29.950526,-96.448846,29.9504816556442,-96.4489879522464,,,
13433,,Brown (Okay Community) Cemetery,31.059758,-97.817898,31.0601288875703,-97.8183113955682,,,
13459,,Hughey Chapel Cemetery,30.308986,-95.948762,30.3099395899838,-95.9498557502117,,,
13461,,Bobbitt Cemetery,31.497305,-95.413342,31.5296056647372,-95.2723042582489,,,
13462,,Hightower Cemetery,32.424213,-98.132732,32.4239073635452,-98.1324169990775,,,
13475,,Grimes County Bethel Cemetery,30.842786,-96.000497,30.8427480814867,-96.0004297114831,,,
13478,,Seal McDougle Cemetery,30.04678,-95.347298,30.0467284685498,-95.347230514994,,,
13479,,Cementerio Navarro Historico,29.891173,-97.673966,29.8912135274092,-97.6739599062943,,,
13480,,Pisgah Ridge,31.850732,-96.493636,31.8512239739669,-96.4935149744922,,,
13484,,Joseph and Eliza Bird Residence,30.430743,-98.342382,30.4306879394487,-98.3423914652621,,,
13493,,Buckholts Brethren Church,30.876063,-97.125546,30.8784935984246,-97.1234904462826,,,
13509,,School Creek Baptist Church,31.217239,-98.115345,31.2174061878878,-98.1178119183699,,,
13521,,Big Hill Cemetery,31.467872,-96.672141,31.4677134856616,-96.6716860165877,,,
13539,,Fort Gates,,,31.3954507887656,-97.7062872321534,,,
13540,,J. D. Ikard Sugg,33.630203,-97.124493,33.6305901899155,-97.1252144159337,,,
13557,,Emily Brown Cemetery,29.857598,-94.813749,29.8604466287296,-94.8159798953871,,,
13559,,McAllen Ranch,26.618672,-98.300958,26.6188495393024,-98.3010950352359,,,
13560,,Estes Cemetery,32.606044,-97.052078,32.6055970952427,-97.0523125252865,,,
13561,,Burlington Cemetery,31.017319,-96.989431,31.0176704540069,-96.9895710831355,,,
13566,,Mallalieu United Methodist Church,30.318009,-95.400747,30.3194137775297,-95.3999838948998,,,
13570,,El Paso de Jacinto,27.509013,-99.522987,27.509071644272,-99.5228260475252,,,
13573,,First Baptist Church of Decatur,33.212204,-97.612709,33.2131871804492,-97.6016611905794,,,
13577,,Walkers Creek Cemetery,30.92115,-96.941265,30.9211875660899,-96.9410812003932,,,
13578,,St. Michael's Cemetery,31.017909,-96.989105,31.017863426104,-96.9892225546441,,,
13582,,McKnight Cemetery,31.821928,-94.885761,31.8216831418196,-94.8866039385236,,,
13648,,Kohrville,30.003096,-95.58531,30.0037547635931,-95.5867862141567,,,
13650,,Mt. Sinai Cemetery,31.209213,-93.665204,31.2095962594814,-93.6654905596584,,,
13655,,Antioch Community,32.423097,-97.966861,32.4230574495033,-97.9667946890776,,,
13691,,Williams-Atkinson Homestead,30.890585,-96.840398,30.8751081076539,-96.8370760847453,,,
13701,,John Nance Garner,33.582348,-95.284064,33.583415016055,-95.2844719664535,,,
13721,,In This Vicinity_Plantation of Charles Donoho,30.063719,-96.043507,30.0636846919487,-96.0435546329886,,,
13732,,Shiloh Cemetery,32.518163,-96.89535,31.9949113853775,-94.6444278250468,,,
13748,,"Myrtle Springs Baptist Church, BMA",,,32.8423105875754,-95.4854889211445,,,
13754,,Babb Cemetery,,,33.271967689446,-97.7584460479868,,,
13757,,First National Bank in Rhome,33.064664,-97.514037,33.0534162805974,-97.472382486922,,,
13759,,Paschall,33.051797,-97.758603,33.0533164968382,-97.7590180159076,,,
13765,,"Parker-Davis House, 1890",32.27684,-97.856404,32.2768161975815,-97.8564223477038,,,
13768,,Booker Home,32.241028,-97.751761,32.2284575780615,-97.7777239510761,,,
13772,,Missouri City,29.61713,-95.539012,29.6154556763334,-95.5389407578788,,,
13777,,Brookshire Family Cemetery,29.763527,-95.942628,29.7635465298154,-95.9415684282751,,,
13780,,Salem Cemetery,29.375404,-98.294104,31.7596874257389,-99.1870859443893,,,
13784,,Pagel Cemetery,29.952968,-96.613785,29.9545837341544,-96.6143504138635,,,
13786,,Gause Peaceful Rest Cemetery,30.790566,-96.725396,30.7925042518775,-96.7256711511678,,,
13791,,Harper Chapel Church,31.376071,-93.716297,31.3789117605939,-93.7166290743462,,,
13804,,Site of the Town of Alabama,31.232212,-95.713381,31.2324171212989,-95.7135049412754,,,
13805,,Marcelina Cemetery,29.190817,-98.089348,29.1930382879694,-98.0897255061056,,,
13811,,Oak Grove Community,33.60717,-97.036622,33.6076782137394,-97.0365256224791,,,
13825,,Buckhorn Cemetery,30.033802,-96.199927,30.0357425111067,-96.2004701282202,,,
13827,,Alexander Glenn Family Graveyard,,,29.9544079418002,-96.2594318456557,,,
13829,,Elisabet Ney Home,30.306661,-97.72627,30.3064505847043,-97.7266349618914,,,
13833,,Big Uncle Cemetery,31.285205,-98.966705,31.2853349402729,-98.9678669449361,,,
13834,,Ross Cemetery,32.407843,-99.385951,32.4078138986035,-99.3848187753245,,,
13835,,Magnolia Springs Spring Hill Community Cemetery,30.728184,-94.030612,30.7293247385775,-94.0312912907877,,,
13837,,King-Oates Cemetery,31.929625,-94.136695,31.9294861423431,-94.1367937783239,,,
13843,,Hill Cemetery,31.068975,-97.431746,31.0689621884339,-97.431749964502,,,
13846,,Ridgeway Cemetery,,,30.208927132034,-97.155086577993,,,
13850,,City of Rockdale,30.655521,-97.001849,30.655401579596,-97.0022592378017,,,
13885,,Janis Lyn Joplin,29.924667,-93.928375,29.9250064292235,-93.9281223035001,,,
13889,,Leagueville Cemetery,32.231508,-95.656277,32.230909119072,-95.6560164540992,,,
13901,,Slater Cemetery,31.343205,-97.967578,31.3447839167202,-97.9679762277322,,,
13908,,St. Thomas Aquinas Catholic Church,33.404442,-96.954556,33.4051282390772,-96.9545630172637,,,
13921,,Old Dimmitt Home,30.632886,-97.686425,30.6346500713289,-97.6867004704007,,,
13926,,Beriah Graham House,30.291205,-97.745095,30.291201602998,-97.7451682750385,,,
13937,,Emporia Cemetery,31.171097,-94.785747,31.1729353798812,-94.7860044105749,,,
13951,,Hicks Cemetery,33.317386,-98.18035,33.3172593761305,-98.1802074558989,,,
13965,,Rialto Theater,28.406865,-97.752131,28.4021793395998,-97.7492324098832,,,
13973,,Goodgame Cemetery,32.15219,-95.921673,32.1539508745533,-95.9223971432869,,,
13977,,Hopewell Missionary Baptist Church,33.002952,-94.540389,33.0043189667343,-94.5408220681943,,,
13983,,Scott's Chapel Cemetery,22.81177,-97.326197,31.835761840374,-97.1838023659643,,,
13985,,Berryman Cemetery,31.685448,-95.023384,31.6879554881045,-95.0234244261701,,,
14017,,Post Oak Community,32.279314,-97.805915,32.2811561300164,-97.8063544702238,,,
14025,,Cimmaron (Persimmon) Springs,33.512616,-98.659101,33.5144724162578,-98.6594827722182,,,
14059,,Union Grove Cemetery,32.146681,-95.111689,31.8689616709136,-95.2886312319195,,,
14060,,Temple Hall United Methodist Church,,,32.5486744968912,-97.7551284124008,,,
14064,,Haley-Smith Cemetery,32.234417,-97.3996,32.2339607972127,-97.3994999196383,,,
14069,,Kuykendall 101 Ranch Mausoleum,,,30.068373114873,-97.9478693749155,,,
14095,,Red River Station,,,33.7861956008104,-97.7076833909204,,,
14109,,Erath,31.633673,-97.264416,31.6336806034069,-97.2643954571672,,,
14126,,El Paso High School,31.771944,-106.490621,31.7726011072676,-106.491026025809,,,
14138,,Cundiff Cemetery,,,33.3165850933513,-97.9931104084993,,,
14147,,Antioch Cemetery,,,32.4231138245444,-97.9658304195213,,,
14166,,John A. & Mahala Jones Cemetery,29.805404,-99.11056,29.8053989869677,-99.1105393418962,,,
14169,,"Wessels, T. F., Home",30.51753,-97.682624,30.5164449986438,-97.6839406061167,,,
14171,,Hall Ranch Home,30.678323,-97.961431,30.6783167632186,-97.9613882748598,,,
14194,,First Baptist Church of Crawford,31.53315,-97.446733,31.5333271031517,-97.4465144050322,,,
14198,,Apolonia Cemetery,,,30.4863266367633,-95.8945519805878,,,
14204,,Sample Cemetery,31.739506,-94.007552,31.7393825099194,-94.0077162132713,,,
14205,,Rev. Henry Stephenson,30.991824,-93.62785,30.9918787857859,-93.6278425433007,,,
14216,,St. Mary's Catholic Cemetery,30.534023,-96.701365,30.5346686447407,-96.7023627865351,,,
14221,,Campbell Home,29.302342,-94.783083,29.3021043287206,-94.7833428801557,,,
14267,,Sturdivant Community & Cemetery,,,32.7656034809252,-98.0716874034293,,,
14268,,Old Bethel Cemetery,,,30.6553296376448,-96.2548081878686,,,
14286,,Buckner Cemetery,,,33.2188774537365,-96.6676903741785,,,
14292,,McWilliams Cemetery,,,31.7062783789592,-94.0596048762151,,,
14298,,Little Flock Cemetery,,,31.3746698438023,-96.2644099576831,,,
14299,,Cockerell Hospital,32.306671,-96.006292,32.3064895964341,-96.005634635429,,,
14301,,Shelton-Rankin Cemetery,33.03204,-94.538581,33.0324953237864,-94.5399952823306,,,
14316,,Salem Cemetery,,,31.9752782147039,-96.8468457872658,,,
14331,,Cementerio Navarro Historico,29.891232,-97.672854,29.8912135274092,-97.6739599062943,,,
14335,,Wilson Creek House,33.291506,-96.75531,33.2902304521033,-96.7552083016107,,,
14348,,N-Bar-N Ranch House,35.401187,-101.167486,35.40114922235,-101.167518912232,,,
14364,,San Saba Church of Christ,,,31.1957272848397,-98.7223478912654,,,
14365,,Teel Family Burying Ground,,,31.5369345337743,-94.2144292974566,,,
14390,,Parker Cemetery,31.433499,-95.364824,31.5183463478762,-95.5193932770184,,,
14426,,"Harmony Ridge Community, Site of",,,31.2424617768963,-98.5804199994868,,,
14441,,First Presbyterian Church (Crowley),,,32.5808613632411,-97.3622633326342,,,Duplicate of marker#1833
14446,,St. James Episcopal Church,33.424044,-94.043248,33.4244217475571,-94.0435792042285,,,
14449,,Newton City Cemetery,,,30.8528211767198,-93.7584522366059,,,
14450,,Cottonwood Cemetery,,,32.4586834540928,-96.4010178018676,,,
14454,,Red Mud Cemetery,33.426696,-100.999246,33.4266718732383,-100.999256433936,,,no text (HTC medallion)
14462,,J. G. Higginbotham House,,,32.4732082554235,-99.7407375628687,,,
14478,,Lake Pat Cleburne,,,32.2880727868923,-97.4119251537141,,,
14484,,Weslaco High School,26.154607,-97.986132,26.1544753383338,-97.9879601107734,,,
14487,,"Incarnate Word Convent, Site of",25.903038,-97.503049,25.903087328899,-97.503067694875,,,
14490,,Peabody School,32.001871,-97.126493,32.0018003289081,-97.1264530074254,,,
14495,,Nursery Cemetery,28.927759,-97.097221,28.9361544361549,-97.0956062519823,,,
14496,,Boling United Methodist Church,,,29.2625595557454,-95.9392586217709,,,
14499,,Mays Cemetery,31.962691,-94.915824,31.9626669111582,-94.9157812506183,,,
14503,,Strong Cemetery,,,31.7575584084761,-93.9051050702224,,,
14507,,King Cemetery,31.380311,-97.910024,31.3792948899555,-97.9126484378885,,,
14509,,Rural Schools-Illinois Bend,,,33.8800526646597,-97.4861719134098,,,
14513,,Boudreaux House,29.873946,-94.273974,29.936732260772,-94.2482113435147,,,
14514,,Central National Road,32.782441,-96.806945,32.7829227051391,-96.8071446028021,,,
14523,,Liberty Cemetery,,,32.1515628781806,-99.0889102241741,,,
14526,,First State Bank in Richland Springs,,,31.2739163362287,-98.9449934265251,,,
14549,,Adolphus Sterne House,31.600874,-94.650632,31.6005284156752,-94.6507581473743,,,
14550,,Good Hope Cemetery,30.142393,-90.851402,30.1423934351217,-96.851402434727,,,
14552,,Gaines-Rugeley-LeTulle House,,,28.9745858932168,-95.9641336914255,,,
14560,,Weaver-Bannowsky Cemetery,,,30.7001790204404,-99.6785427555445,,,
14571,,"City Hall and Fire Station, 1928",,,28.9818011105019,-95.9680337057836,,,
14578,,Concordia Cemetery,31.781561,-106.449438,31.7814463882055,-106.447945792448,,,
14594,,Allen Academy (Duplicate),30.670565,-96.317154,30.670504567,-96.317107697075,,,
14603,,Truce Cemetery,,,33.4119599899164,-98.0292610546118,,,
14604,,"Haggard, George E., Funeral Home",,,32.7608010052221,-94.3466330649256,,,
14614,,Somervell County Veterans,32.234597,-97.755468,32.2350179655089,-97.7556756586608,,,
14620,,Richard E. and Ella Sodke Kloepper House,29.712732,-98.116386,29.7126396124287,-98.1163746878907,,,
14629,,First County Seat of Shelby County,,,31.7616226717584,-94.078741941459,,,
14632,,"Terry, R.S., Home",32.758442,-94.34578,32.7579454864273,-94.3467545214583,,,
14634,,El Milagro,30.516409,-97.676546,30.5163328086406,-97.6764410685667,,,#NAME?
14638,,Civilian Conservation Corps and Forestry in Texas,31.355307,-94.750838,31.3560555344391,-94.7524084564569,,,
14642,,First United Methodist Church of Euless,32.837574,-97.082193,32.8380116112026,-97.0825007173695,,,
14651,,First TV in Texas,,,32.7505382254007,-97.2649470797538,,,
14655,,Vanderwerth Family Cemetery,,,30.0176965836579,-96.556131764448,,,
14681,,MacNabb Home,30.511225,-97.689052,30.512370357457,-97.6889115686451,,,
14682,,Amos Gates,,,30.2512370412074,-96.1197301046494,,,
14683,,Roma-San Pedro International Bridge,,,26.4043547029115,-99.017995813142,,,
14705,,Oakland Memorial Park,,,32.7373136642894,-96.2894702193679,,,
14710,,County Line Baptist Church,30.901439,-97.278891,30.903601925414,-97.279353873942,,,
14714,,Tioga Cemetery,,,33.4818576961301,-96.9269891553487,,,
14716,,Enlisted Men's Barracks #1,31.455757,-100.431806,31.4547566177342,-100.430981076383,,,no text (RTHL medallion)
14717,,"Sherman, Gen. Sidney, Home of",29.720198,-95.27532,29.7204862641254,-95.275227538883,,,
14721,,Grace Episcopal Church,28.613149,-96.623231,28.6135277244794,-96.6228150849393,,,
14725,,Peters Colonists in Tarrant County,,,32.921528617357,-97.1147222696115,,,
14738,,Tecula Cemetery,32.028305,-95.198397,32.0283161920009,-95.1988584801171,,,
14749,,Columbia (First Capital of Texas),29.144632,-95.647835,29.1446236791337,-95.6475366703444,,,
14754,,Crockett's Bounty,32.517761,-97.7209,32.5187496708139,-97.7206423425051,,,
14760,,Old County Jail,,,31.5858746814919,-106.274364812997,,,
14762,,Pioneer Cemetery,,,32.5778018818656,-96.3192235045141,,,
14774,,Bull Hide Creek Iron Bridge,31.386849,-97.150729,31.3867736966447,-97.1507228798671,,,
14777,,Ivy Cemetery,31.268268,-94.484282,31.2658301557989,-94.4886182131031,,,
14793,,Old Spanish Cemetery,,,31.6038375277281,-94.6561708554674,,,
14795,,Lipscomb County,,,36.1294027807547,-100.005423828071,,,
14796,,Gann Memorial Cemetery,,,31.4262608357021,-94.8090739183601,,,
14808,,Whitis-Moore House,31.195,-98.723946,31.1951454570836,-98.7243450332841,,,
14817,,McRae Cemetery,31.532016,-94.186422,31.5320529546264,-94.1863980522821,,,
14833,,Craig House,30.388047,-96.084919,30.388038236806,-96.084986509198,,,
14840,,Nettles Cemetery,30.734512,-94.840241,30.7345006314506,-94.8402658341754,,,
14843,,Egypt Plantation,,,29.4030717119717,-96.2335003930936,,,
14851,,"McCasland, Joe, Home",,,32.7594976810449,-94.3512427644532,,,
14854,,Cabeza Creek Crossing on the La Bahia-Bexar Road,28.656545,-97.487531,28.6566805257972,-97.4889678735287,,,
14855,,Red River Station,,,33.7861956008104,-97.7076833909204,,,
14860,,First Presbyterian Church (Georgetown),30.637225,-97.675565,30.6371908062375,-97.6758955412462,,,
14869,,Noonday Cemetery,,,32.5552640466075,-94.5902189202407,,,
14870,,Martins Prairie Cemetery,,,30.6358600996528,-96.1349507066628,,,
14895,,First Church in Castroville,,,29.3553246955551,-98.8785805152145,,,
14896,,First Baptist Church of Barksdale,29.725681,-100.036887,29.725239439899,-100.036958629924,,,
14897,,Derden Cemetery,,,32.1820086727168,-97.3278725628457,,,
14899,,James McGloin Home,27.968593,-97.789692,27.9700354603266,-97.7921166252178,,,
14901,,Willingham Cemetery,,,30.9404552012259,-97.6096632658372,,,
14908,,China Spring Tabernacle,31.653234,-97.305045,31.6532089578068,-97.3048431711493,,,
14921,,Hollingsworth Family Cemetery,,,29.9081145520531,-95.0680544123336,,,
14926,,Wortham Bend Cemetery,31.7205,-97.292243,31.7210578418378,-97.2928073699713,,,
14931,,Sam Callis Cemetery,,,33.7170532261198,-97.0304091213508,,,
14940,,Pioneer Memorial Building (Hank Smith House),33.659615,-101.238586,33.6596156135988,-101.238558218031,,,
14943,,Mount Tabor Cemetery (Brown Cemetery),30.9783,-99.127189,30.9786560695164,-99.1268836991006,,,
14946,,Frank Van Der Stucken Birthplace,30.274713,-98.871903,30.2743793273404,-98.8716011851754,,,
14947,,"Sedberry, Mrs. Ruth, Home",32.756281,-94.347064,32.7568022899428,-94.3476409342443,,,
14955,,Hugh Ochiltree,,,30.0909693740368,-93.7309884977013,,,
14966,,Furney Richardson High School,31.628482,-96.340254,31.6279961753918,-96.340155556031,,,
14970,,Moorehead-Melton Cemetery,32.312075,-96.004614,32.3270307764911,-95.986512983242,,,
14986,,Ables Springs Cemetery,,,32.8141802091631,-96.1194742399393,,,
14995,,Baysinger Cemetery,31.87548,-94.833873,31.8790483128885,-94.8342818414808,,,
14996,,Gunkel Family Cemetery,,,29.6434679459914,-97.6129595608708,,,
14997,,Montgomery County,30.376838,-95.479813,30.3768220918393,-95.4798189710827,,,
15004,,Crawford Schools,31.529184,-97.452718,31.532212655443,-97.4506854657951,,,
15022,,Corinth Cemetery,,,32.5879302889491,-95.7226379358982,,,
15024,,Henry-Martin-Dorsett House,31.654878,-96.523012,31.6548685503649,-96.5230034675389,,,no text (RTHL medallion)
15034,,Key Log Cabin,,,32.5372130857127,-94.3656475490218,,,
15043,,Cumberland Presbyterian Church,33.562919,-97.850175,33.5629974272602,-97.8500059324052,,,
15067,,Decker Prairie Cemetery,,,30.1337170204269,-95.6694092601642,,,
15076,,Pierce House,32.546784,-94.364418,32.546965028081,-94.3645806240165,,,
15077,,"Garrett, John and Sophie, House",,,29.3129859552414,-96.0954801740368,,,
15082,,Education in Hunt,30.070337,-99.33837,30.0697650266917,-99.3388012977337,,,
15085,,J. F. Smith & Brothers (STOLEN),29.307021,-94.794649,29.3068478841308,-94.7951750190507,,,
15099,,Branecky School,,,29.6584392681817,-97.172737597672,,,
15138,,Ham (Pauline),32.328185,-96.052921,32.3281844159255,-96.0528513712004,,,
15152,,Jacob Shannon Evergreen Cemetery,,,30.3690954344904,-95.7968714008846,,,
15154,,Wreay Cemetery,,,32.3443280073171,-95.7939026419608,,,
15155,,Rockwall and Brin Church of Christ,,,32.7404223358749,-96.2804228774283,,,
15160,,McKenzie Cemetery,,,31.3559139878403,-96.3508731840023,,,
15169,,Packsaddle Mountain,,,30.6111624305107,-98.5180702121665,,,
15176,,Evans Chapel Cemetery,,,32.2178267551061,-95.504527850256,,,
15178,,Crowell Cemetery,33.970329,-99.717389,33.9703431665302,-99.7174161897891,,,
15181,,Early Site of Socorro Mission,31.6504,-106.299079,31.6504054353393,-106.299051391969,,,
15182,,City of Caldwell,,,30.53105999126,-96.7026524170425,,,
15203,,Old Lebanon Cemetery,,,31.7916654791231,-97.2919407002879,,,
15212,,United Methodist Church,30.7165,-97.441893,30.7164220511244,-97.4418827845498,,,
15215,,Bivins Library (PLATE 81),,,35.2032124673215,-101.838168363564,,,
15217,,Hall Named for Laura L. Kuykendall,30.633266,-97.667874,30.6339108341188,-97.6650797059213,,,
15225,,Wells Cemetery,,,29.8268091449011,-97.5767398529263,,,
15226,,Sam Rayburn Library and Museum,33.577353,-96.188372,33.5763271314632,-96.1874099210809,,,
15231,,"Sadler, William T.",,,31.6058934200704,-95.4275624555381,,,
15234,,Reliance Church Cemetery,30.742455,-96.241722,30.7427354641626,-96.240388541349,,,
15238,,"Haggard, George E., Bldg. (RE 80)",,,32.7562258556559,-94.3451104696036,,,
15246,,Rugeley Building (Old City Bank),,,28.983117054246,-95.970262448146,,,
15254,,Site of the Home of James McGloin,27.968593,-97.789692,27.9700061440341,-97.7920817562184,,,
15260,,Ritter Cemetery,,,33.0650845681763,-96.9543444439792,,,
15266,,A. Goldman Home,28.798711,-97.005196,28.798752847968,-97.005147750364,,,
15276,,Wade Cemetery,29.749053,-95.947021,29.7490932488568,-95.9470556441868,,,
15281,,Josiah Dawson Hudgins,29.398807,-96.075585,29.398898071868,-96.0770699217827,,,
15290,,"Elkins, Nettie, House",29.31382,-96.098627,29.3137902852884,-96.0983576462855,,,
15291,,"Brown, W. A., Home",31.966067,-95.279504,31.9596915192459,-95.274487060485,,,
15292,,Lugar Inicial De Mision De Socorro,31.650391,-106.299068,31.6503796194883,-106.299046924773,,,
15295,,Oak Grove Cemetery (Medallion only),,,33.6076903609488,-97.036526037486,,,
15304,,Chenault House (DEMOLISHED),29.500114,-97.450703,29.500070935345,-97.450716663067,,,
15308,,Bundick Cemetery,,,29.2712506133591,-97.6603259599402,,,MEDALLION ONLY
15319,,Sam Houston's 1857 Campaign in Marshall,,,32.5476739816118,-94.3689801684682,,,
15322,,Carolina Schwab Grave Site,,,29.6418082010782,-98.2102989202596,,,
15323,,Ater Cemetery,31.521606,-97.860365,31.5229105137927,-97.8609179906247,,,
15326,,Allen Cemetery,,,32.3200821526253,-95.7562312976343,,,
15331,,Providence Baptist Church of Tool,,,32.2723892271794,-96.1787294881703,,,
15332,,"Victorian Residence, 1883 (Cartwright House)",,,32.7455727846441,-96.2841091833949,,,
15361,,Bluff Dale United Methodist Church,32.350296,-98.022393,32.349974792044,-98.022144963611,,,
15371,,Barber Cemetery,,,32.5007149440101,-95.0852061117719,,,
15379,,Bush W. Wofford Home,32.213462,-95.882601,32.2125687272531,-95.8794735975966,,,
15381,,Salem,28.984789,-96.907956,28.9848311860342,-96.9080535913719,,,
15385,,"Taylor, John McQueen",,,30.6245627777675,-97.6763194935139,,,
15393,,Jay Gould Railroad Car,,,32.7557973013038,-94.345380228415,,,
15409,,"Hunt, Col. William Hudson",33.199683,-97.750105,33.1996943661655,-97.7501450175541,,,
15410,,Kerrville Daily Times,30.050861,-99.142404,30.0503028237873,-99.1418237751129,,,
15418,,S.P.J.S.T. San Antonio Prairie Cemetery,,,30.4523274718096,-96.7883615192128,,,
15427,,Morgan Family Cemetery,31.408612,-96.964252,31.4088496174172,-96.9641993706099,,,
15434,,Kallus House,29.909362,-96.877882,29.9095340476343,-96.8780455017462,,,
15436,,Ft. Smith-Santa Fe Trail,,,35.2902303702661,-102.397082739421,,,
15437,,"Weidner, Wilhelm, Cemetery",,,29.7253429174601,-98.4346527515908,,,
15448,,Old Algerita Cemetery,31.266596,-98.855903,31.2664155040939,-98.8555373089404,,,
15452,,Oak Hill Cemetery,,,32.6971052306673,-95.8902279897308,,,
15459,,"Colmesneil, W.T., House",30.906358,-94.419465,30.9060147246983,-94.4196074750812,,,
15463,,Turkey Creek School,30.614596,-97.356223,30.6148737195075,-97.3560581324019,,,
15466,,Oakwood Cemetery,30.726301,-95.547381,30.7265029781761,-95.547314923405,,,
15485,,Ysleta Mission,,,31.6909056965016,-106.327393674462,,,
15490,,Trosper Building,,,31.0656779408614,-98.1788526344317,,,
15499,,First United Methodist Church of Silsbee,30.35345,-94.17643,30.3534058174784,-94.176124787493,,,
15507,,Sloan House,30.636213,-97.474654,30.6360878219436,-97.4746721777661,,,
15508,,Fisher Hall,29.876596,-97.953927,29.876598276336,-97.95388716689,,,
15515,,First United Presbyterian Church,,,31.7415708167723,-99.9490930018959,,,
15517,,Kuempel Home,30.411161,-97.563762,30.4136428126063,-97.5601565130722,,,
15527,,One Fourth-Mile North to Ruins of Fort Lancaster,30.726359,-101.197206,30.726359153745,-101.197127436387,,,
15534,,"Manse, The",,,32.757506803517,-94.3512889698278,,,
15544,,Mangum Baptist Church,32.38516,-98.879179,32.3203789194686,-98.8574070069996,,,
15551,,Benge Cemetery,30.870595,-95.318654,31.87063846022,-95.318732796467,,,
15555,,Lukefahr School Community,,,28.9272041766349,-95.8462511751668,,,
15573,,Farmers and Merchants State Bank,,,35.2153247020067,-100.249290534815,,,
15576,,Butler Cemetery,,,30.0812243079566,-97.9905202480954,,,
15590,,Samuel Chapel Cemetery,30.047813,-96.186062,30.0472239168358,-96.1847832326626,,,
15603,,Enlisted Men's Barracks #2,31.455757,-100.431806,31.4547575160974,-100.430353415236,,,no text (RTHL medallion)
15613,,Fairview Cemetery,,,32.0126897594635,-102.086829438852,,,
15617,,"Laughter, W. P., Cemetery",,,29.0413481437613,-96.7221370605645,,,
15619,,Trinity Episcopal Church,,,33.5799756796779,-96.1818678574218,,,
15631,,Shanks Cemetery,,,31.7319831091602,-96.331809829754,,,
15650,,Voca Cemetery,29.905527,-101.751029,31.0108800608785,-99.1861731188912,,,
15656,,Hodge-Taylor House,32.770669,-94.386229,32.7702515720083,-94.3855931105396,,,
15666,,St. Francis Catholic Church,35.262482,-101.627767,35.2628506077026,-101.62771977846,,,
15672,,First Baptist Church of Rusk,31.792171,-95.152823,31.7936863064588,-95.1527489458888,,,
15697,,Corinth Cemetery,31.964089,-94.420318,31.9644057243665,-94.4207595309178,,,
15702,,Young Cemetery,33.117549,-96.744153,33.1176111835006,-96.7440744415139,,,
15709,,Plemons Bridge,35.744373,-101.345009,35.7443548407628,-101.345004995465,,,
15719,,Bozeman Cemetery,31.079933,-95.744323,31.0800533351344,-95.744272966768,,,
15728,,Pin Oak Cemetery,30.815611,-96.777419,30.8120776662768,-96.7794210422564,,,
15731,,Clear Fork Cemetery,29.781266,-97.595332,29.7812050009209,-97.595879515881,,,
15740,,Clear Fork Cemetery,29.781266,-97.595332,29.7812050009209,-97.595879515881,,,
15743,,Jourdanton,28.922788,-98.535501,28.9244235854165,-98.5355851445084,,,
15752,,Knupple Cemetery,30.328601,-94.167098,30.3301097668952,-94.1671663006547,,,
15768,,Sanzenbacher Ranch Headquarters,33.660065,-98.16826,33.6600547833529,-98.1682663780741,,,
15781,,Damascus Cemetery,33.192978,-95.018039,33.193000958294,-95.0175864407643,,,
15800,,Juan Francisco Farías Residence,27.503654,-99.504507,27.5037224442663,-99.504428224454,,,
15802,,Baker Cemetery,30.116182,-95.676024,30.1163467445362,-95.6757960316323,,,
15817,,Travis-Pier Cemetery,,,30.0126333447573,-96.3350262376712,,,
15824,,Trimble Cemetery,33.151625,-97.615089,33.1518189962862,-97.6155155760362,,,
15827,,Old Sweet Home,29.39281,-97.065912,29.3918729860355,-97.0657163004085,,,
15831,,Farrsville Cemetery,30.989904,-93.800596,30.9899660320375,-93.800594350495,,,
15833,,Gresser Family Cemetery,29.898273,-96.639244,29.8938351992899,-96.6444865728544,,,
15838,,D. Guerra & Sons Store,26.203687,-98.237993,26.2036874056527,-98.2379722419641,,,
15865,,Leo Najo,26.219512,-98.33121,26.2195113763022,-98.3311990974173,,,
15874,,Harrell Plantation Cemetery,,,30.703128485107,-95.1743773927517,,,
15880,,Gruenau Turn and Schuetzen Verein,29.070026,-97.564942,29.0699582223995,-97.5647088387137,,,
15890,,Ebenezer Hearne Cemetery,,,30.8325974822816,-96.5558591034878,,,
15899,,Easley-Sloan Cemetery,30.625482,-97.483596,30.6255072696818,-97.4836162341725,,,
15901,,Cotulla Ranch,28.440704,-99.266994,28.4406903268607,-99.2669865384849,,,
15912,,Two Mile Paradise Cemetery,31.15508,-95.932239,31.133280632223,-95.9025448249176,,,
15913,,Lockridge Cemetery,32.064324,-94.851487,32.0642974428384,-94.8514452689816,,,
15916,,Dallas Cemetery,,,30.8796801119102,-97.4284465458103,,,
15931,,Bozeman Graveyard,,,30.3547252266535,-94.1710777960749,,,
15932,,Beauxart Gardens,,,29.9606355478295,-94.0350263917081,,,
15942,,Cool Springs (Tundra),32.476663,-95.869445,32.4768104422657,-95.8695085292419,,,
15972,,Hendrick Cemetery,,,31.6624092081121,-95.2186696932296,,,
15979,,Clark Cemetery,,,33.5593643920102,-97.0535698320745,,,
15985,,Green Oaks Farm,31.044263,-97.37095,31.0455870513163,-97.3705419053673,,,
15987,,Adams Cemetery,,,30.8743733143291,-94.8161719084292,,,
16006,,Jones Cemetery,31.848598,-95.19913,31.8486066000024,-95.199125720146,,,
16016,,Vogel Cemetery,,,29.7375850212401,-98.4004936954609,,,
16053,,Calhoun County,,,28.6226078052326,-96.7222266714817,,,
16056,,Cochran County,,,33.7257329784752,-102.75942451826,,,
16060,,Site of Mission Nuestra Senora del Rosario,,,28.6450725599233,-97.4398823614627,,,
16067,,Mexican Hill,,,30.0571625058876,-94.7921322216701,,,
16069,,Maverick County,,,28.7085814475883,-100.501351115366,,,
16072,,Nolan County,,,32.4706460909432,-100.40808386829,,,
16092,,Stonewall County,,,33.1401598842535,-100.228005673529,,,
16094,,Site of the Official Residence of Mirabeau B. Lamar,29.75417,-96.047029,30.2674033776357,-97.7411309762959,,,
16095,,"In Memory of Thomas Christian, William Strother and Josiah Wilbarger",30.304854,-97.69763,30.3039246198264,-97.6986510330324,,,
16101,,Site of the Town of Sumpter,,,31.0333505308614,-95.0530661145128,,,
16102,,San Felipe Springs,,,29.3725510853995,-100.883586455566,,,
16105,,Victoria Advocate,28.798383,-97.003919,28.7981906743039,-97.0035385179016,,,
16114,,Waller County,,,30.0979311756619,-96.0768482206636,,,
16148,,Long Cove Cemetery,31.305371,-98.419364,31.3053628055545,-98.4193349354624,,,
16150,,Evergreen Cemetery,30.109865,-94.104601,30.1116879117074,-94.1060133237463,,,medallion only
16209,,R.A. McCaghren Cemetery,30.68501,-94.928025,30.6870624099263,-94.9275019173539,,,
16213,,New Shamrock Cemetery,33.615115,-95.116891,33.6152664936044,-95.1181255468445,,,
16214,,Old Shamrock Cemetery,33.635596,-95.141798,33.6348026204518,-95.1420505597944,,,
16221,,William Pfluger Home,30.456741,-97.60757,30.4566158129942,-97.6076071516091,,,
16282,,Oakhill Cemetery,31.250392,-93.764286,31.2740852643936,-93.7215801059647,,,
16287,,Meinecke Cemetery,,,30.0311446853259,-96.2931225380281,,,
16302,,Wheeler Cemetery,,,29.1959241591026,-98.0095295401253,,,
16308,,Harmony Grove Missionary Baptist Church,30.794585,-95.577307,30.794725293016,-95.5772085649509,,,
16310,,Cataline Cemetery,35.711395,-100.14804,35.7113762450004,-100.148029516121,,,
16311,,Port Bolivar & Iron Ore Railroad,32.798579,-94.71644,32.7983495561744,-94.7164789561509,,,
16314,,Indianola Cemetery,28.519182,-96.509088,28.5192425016528,-96.509041524183,,,
16315,,Old Town Cemetery,28.544919,-96.512395,28.5445933239556,-96.5226041262612,,,
16318,,Zimmerman Cemetery,28.543322,-96.544085,28.5434454677692,-96.5441339210088,,,
16328,,Los Ejidos De Reynosa Vieja,26.238592,-98.470848,26.2395271305499,-98.4720407807496,,,
16364,,Old Alton Bridge,33.129295,-97.104265,33.1293021191206,-97.103958082691,,,"OSM node 9890105012 removed 2026-08-15: marker confirmed missing on the ground by Joe. No hmdb entry exists for this marker and the THC notes carry no missing statement, so firsthand knowledge is the basis."
16372,,Long Meadows Cemetery,31.153237,-98.100158,31.1515143676242,-98.1076135003606,,,
16382,,Wimberly Cemetery,,,31.8063509100106,-93.8987079484355,,,
16391,,Hebron Baptist Church,32.381383,-95.223659,32.3810929375335,-95.2248694514893,,,
16394,,Long Creek Cemetery,,,32.5507679219452,-97.7416298421812,,,
16404,,Wilson Chapel Cemetery,,,30.7567134911057,-96.5005368033151,,,
16419,,Holt House,32.350842,-98.025621,32.3507079692686,-98.0256152745121,,,
16420,,Roberts Branch Cemetery,33.368298,-98.260278,33.3682415767354,-98.2608982935541,,,
16440,,First United Methodist Church of Buna,30.431385,-93.961116,30.4317192482798,-93.9611331451746,,,
16458,,Willow Springs Cemetery,,,32.0930977731013,-95.938845416293,,,
16467,,Hart Mill Cemetery,30.702496,-94.452362,30.7025978388794,-94.4523508494134,,,
16472,,Ebenezer Cemetery,32.99404,-94.952116,32.9747960701743,-94.8825288519753,,,
16489,,Stockton Bend,31.099324,-98.512067,32.478073,-97.758084,,,
16529,,Murrell School,31.521675,-97.860975,31.5219293203443,-97.8613967593239,,,
16559,,Gulf Prairie Cemetery,28.979124,-95.472085,28.9761634459802,-95.4728918686253,,,
16560,,Abbott Cemetery,31.892639,-97.072466,31.8923584774133,-97.0721171068934,,,
16561,,Davis Cemetery,31.504143,-95.430845,31.501982087282,-95.4313883750751,,,
16563,,M.B. Norman House,30.495522,-97.499754,30.4955084054739,-97.499745266985,,,
16568,,Liberty Grove Cemetery,31.844339,-97.064786,31.8445863195723,-97.0643946310249,,,
16622,,Rome Cemetery,32.111771,-95.889429,32.1136947554965,-95.8895599710895,,,
16629,,Old Bayview Cemetery,27.800701,-97.399696,27.8005430146904,-97.3994725206737,,,
16640,,Union Grove Cemetery,32.146681,-95.111689,32.1469218671513,-95.0655507502799,,,
16645,,Salem Cemetery,,,31.5718455679896,-96.2649653204908,,,
16678,,Pleasant Hill School,33.052864,-94.396976,33.0530318572056,-94.3970182178622,,,
16692,,Lexie Dean Robertson,,,32.4150624278231,-95.7902597535872,,,
16701,,Engelking Cemetery,,,29.8647486765479,-96.2415096491381,,,
16702,,New Cherry Grove Baptist Church,30.274647,-93.905368,30.274739165513,-93.9056390215971,,,
16710,,Elm Flat Cemetery,32.404101,-97.703465,32.3995400615294,-97.7072077863306,,,
16719,,Rounsavall Cemetery,,,32.241536059094,-95.7328558242746,,,
16721,,Melissa Cemetery,33.290723,-96.519328,33.2867396516453,-96.5871009477098,,,
16734,,Sand Flat Cemetery,,,32.2717747423714,-95.883715777372,,,
16763,,Hayes Cemetery,31.061927,-95.716075,31.0655180697751,-95.7123011999173,,,
16766,,Lynching of Tom Farrar,,,33.1738555697788,-99.1858791508834,,,
16773,,Seven League Cemetery,32.254003,-95.426145,32.2540665245418,-95.4261318439502,,,
16774,,Noonday Cemetery,32.24364,-95.394089,32.2459200003406,-95.3956800000991,,,
16777,,First Baptist Church of Silsbee,30.346739,-94.180068,30.3466700453517,-94.1800628791917,,,
16791,,Elm Grove Baptist Church,30.992954,-97.464152,30.9919431115456,-97.464565010988,,,
16793,,Stroud Creek Cemetery,32.42664,-97.932999,32.4266637198725,-97.9323975926555,,,
16800,,Vick Cemetery,30.275279,-97.000781,30.2754728404765,-97.0010999693511,,,
16821,,Brodbeck Family Cemetery,30.180808,-98.755316,30.1503929861262,-98.7378114473162,,,
16831,,Frank Cemetery,,,29.9584615851662,-96.2350887070197,,,
16841,,Sugar Hill Cemetery,32.213219,-94.559372,32.2145568249609,-94.5596670627147,,,
16844,,Simmons Hill Baptist Church,,,32.7348843889962,-94.6839050999006,,,
16846,,Richards Colored School,30.54259,-95.84082,30.5426458436299,-95.8413036212376,,,
16855,,Williams Cemetery,32.150474,-94.541773,32.1504129636964,-94.5421926527156,,,
16869,,Shiloh Cemetery,32.518163,-96.89535,29.2202689770341,-98.1085860308738,,,
16871,,Turnersville Cemetery,31.611394,-97.73254,31.6116097307794,-97.7326105779996,,,
16883,,Chandor Gardens,32.753738,-97.808367,32.7537339550666,-97.8084016664834,,,
16897,,McClellan-Cunningham House,33.580101,-96.181574,33.5802187840426,-96.1817366129225,,,
16900,,Henry O. Ager Home,30.060286,-94.794721,30.0607403325068,-94.7947537933857,,,
16913,,St. Anthony Catholic Parish,30.300886,-99.255481,30.3021776787491,-99.2555530955166,,,
16929,,Indian Creek Cemetery,,,33.5175322961929,-96.9749195131622,,,
16936,,Industry State Bank,29.972303,-96.501488,29.97241486397,-96.5018595829493,,,
16940,,William Rolfe Kelley and Dinah Rush,,,30.7244267039435,-95.3088964432836,,,
16951,,Center Point School,29.942209,-99.034245,29.9419302663981,-99.0332382192718,,,
16965,,Summerfield Methodist Church,32.581938,-94.744473,32.582342837041,-94.7452390339918,,,
16967,,Longview Womack High School,,,32.4908286325893,-94.7496972625978,,,
16976,,Mixon Cemetery,,,32.0898508424558,-95.2100347932165,,,
17000,,Smith Cemetery,31.967644,-99.156728,31.9677005390554,-99.1562394240799,,,
17031,,Dr. Asa Hoxey Home,30.319923,-96.366202,30.3199389208651,-96.3662125886666,,,
17036,,Juan Gonzales House,26.378766,-98.819953,26.3788958043789,-98.8203597042962,,,
17038,,Grace Episcopal Church,30.636418,-97.676933,30.6358731275521,-97.6768448183546,,,
17061,,Duval County Courthouse,27.763239,-98.235665,27.763277798668,-98.235730224506,,,marker pending
17081,,Leesburg Cemetery,31.82412,-94.75689,32.9882698649221,-95.0894347813645,,,
17086,,Weaver Chapel Cemetery,,,31.5301391961793,-97.8236126616175,,,
17092,,Willingham Land and Cattle Company,,,32.7328931248899,-100.658053728225,,,
17097,,First Missionary Baptist Church,30.351909,-94.173163,30.3522854203869,-94.1730788213785,,,
17102,,Theodore Roosevelt Elementary School,26.197801,-98.237831,26.1975566670273,-98.2381579423908,,,
17104,,Lovelady Evergreen Cemetery,,,31.1357158722072,-95.4502222266112,,,
17105,,North End Methodist Church,30.116246,-94.188637,30.1165918699501,-94.1888614693216,,,
17108,,Witcher House,31.063316,-98.186588,31.0629494853789,-98.1862222263613,,,
17114,,Bounds-Estes Cemetery,,,31.7398785024971,-94.1436698526798,,,
17115,,Old Salem Cemetery,,,31.6400348959579,-94.2498021429499,,,
17118,,Burkburnett Memorial Cemetery,,,34.0766106816572,-98.5524702006122,,,
17119,,New Salem Freewill Baptist Church,,,33.179088489504,-97.6191975091043,,,
17142,,Houston Ranch,,,32.4410652393319,-98.0331814574423,,,
17153,,Crawford Cemetery,,,31.6579864436509,-95.4868986680664,,,
17173,,Val Verde County,29.359562,-100.897652,29.3694100000488,-100.8842999992,,,
17176,,Womack - White Cemetery,32.005008,-97.597901,32.0084144892376,-97.6017778649402,,,
17197,,Heards Prairie Cemetery,31.175737,-96.551658,31.1779787435775,-96.5513961175608,,,
17200,,Moab Community,30.327676,-97.119042,30.3223138948011,-97.1193198218681,,,
17205,,Crawford's Tornado Graveyard,32.602429,-96.946849,32.602390784065,-96.946916604381,,,
17206,,Elkhart Myrtle Springs Cemetery,,,31.581244718851,-95.6732712533723,,,
17210,,Cottonwood Cemetery,,,32.0902422236758,-98.291175477624,,,
17225,,Old Kinkler Cemetery,,,29.5402587575191,-96.9377891052713,,,
17229,,Elkhart Garden of Memories Cemetery,31.640744,-95.579017,31.6403781119831,-95.5802644609627,,,
17238,,Hittson Cemetery,,,32.7579781645487,-98.1715523055403,,,
17243,,Del Rio Bank & Trust,29.375097,-100.902238,29.375047371906,-100.902185913525,,,
17258,,Liberty Cemetery,,,32.4220683772653,-98.3046970186783,,,
17267,,Mayer Cemetery,30.083431,-96.614452,30.0817213554337,-96.613695148588,,,
17270,,Machu Cemetery,,,30.7173136108521,-97.4250952335031,,,
17275,,Dunn-Johnston Cemetery,,,31.9847928723709,-96.2673992848562,,,
17277,,Greater Bell Zion Missionary Baptist Church,29.383401,-94.978131,29.3833513491173,-94.9784607763121,,,
17291,,Rogers-Craig House,32.143389,-94.799312,32.1435482918653,-94.7992429903613,,,
17297,,Trinidad Independent School District,32.137248,-96.091354,32.1369205122379,-96.092074730306,,,
17315,,Canaan Baptist Cemetery,31.555077,-97.569639,31.5550726954477,-97.5696255916399,,,
17323,,Laredo's First International Bridge,,,27.501142390447,-99.507556056476,,,
17331,,Mount Joy Cemetery,,,33.476872104923,-95.6154785368935,,,
17339,,Allen Chapel A. M. E. Church,30.677125,-96.368184,30.6771181329702,-96.3683685086856,,,
17342,,Bunton Branch Bridge,,,30.0185535287937,-97.8585283264148,,,
17348,,Karl Kensing Cemetery,30.462248,-99.136972,30.4620853205717,-99.1368563413107,,,
17364,,Jenkins Springs Cemetery,,,31.7410757119845,-98.8611002780417,,,
17388,,Memorial Presbyterian Church,31.531494,-94.10895,31.5314435196552,-94.1081451916789,,,
17420,,Old Southern Hotel Building,30.748631,-98.677075,30.750413743935,-98.6773180358725,,,
17430,,Matagorda Cemetery,28.70089,-95.959124,28.7011082906516,-95.9556810695786,,,
17434,,Tomerlin Cemetery,,,29.1130056515084,-99.0085824932454,,,
17436,,Friendship United Methodist Church Cemetery,,,30.795595119852,-97.2030693701392,,,
17437,,Hope Lutheran Memorial Park,,,30.8807604345648,-97.1297290302371,,,
17440,,The Battle of Red River,,,34.7984204297446,-101.43615964425,,,
17481,,Frognot Community,33.303455,-96.354716,33.3034312504473,-96.3547218763437,,,
17483,,Collinsworth Cemetery,,,33.0398163078861,-96.7871327650756,,,
17484,,Old City Cemetery,33.015918,-96.703579,33.0152147750437,-96.7034547365144,,,
17497,,Mohler Cemetery,31.400947,-98.610181,31.4011108327754,-98.6102929274703,,,
17499,,Payne Cemetery,32.253016,-95.987755,32.2529995860654,-95.9877421096011,,,
17500,,Thomas Cemetery,32.29584,-95.862254,32.2958856965764,-95.8623368829005,,,
17501,,Lightfoot-Miller Cemetery,,,32.1089294963718,-95.8072563218036,,,
17502,,Trinidad Cemetery,,,32.1370543623248,-96.1010539598604,,,
17510,,Coshatte Cemetery,,,29.9275464178146,-96.2069017012132,,,
17517,,Fawil Sam Herrin Cemetery,30.727138,-93.728227,30.7270549936644,-93.7279504036135,,,
17523,,Castle Gap,,,31.2920050739361,-102.348787772629,,,
17524,,W. H. Howdy Martin,,,32.1871146058353,-95.8514989101231,,,
17549,,Christ Lutheran Cemetery,32.307745,-98.974782,32.3077830328322,-98.9744661319559,,,
17550,,Redeemer Lutheran Cemetery,32.329946,-98.974436,32.3298985149283,-98.9744305652427,,,
17551,,Romney Lutheran Cemetery,32.21231,-98.954264,32.2123313967965,-98.9542105982525,,,
17553,,Illinois Bend Memorial Cemetery,33.877179,-97.498031,33.8772873608789,-97.4974101888296,,,
17566,,Concord Cemetery,32.736765,-95.385683,32.7373646648182,-95.386061812306,,,
17568,,Clark-James House,31.212188,-93.766517,31.2131995611744,-93.761860901345,,,
17570,,First Baptist Church of Trenton,33.431588,-96.337793,33.43166791763,-96.33772728665,,,
17575,,Bowman Cemetery,33.040713,-96.675991,33.0410680922831,-96.6747940353088,,,
17581,,Campbell Cemetery,,,33.5913418662973,-95.619444481547,,,
17583,,Friendship Cemetery,,,32.4176707909138,-97.8651813233963,,,
17592,,Liberty Baptist Church Cemetery,34.648021,-100.810595,34.6479778458085,-100.810593411203,,,
17598,,Cow Creek Cemetery,32.117574,-98.397352,32.1177610108196,-98.3973687536808,,,
17653,,First Baptist Church Diboll,31.185614,-94.779234,31.186920522623,-94.7790031652638,,,
17663,,Old Spiller Cemetery,,,31.0210709814711,-99.1421865264477,,,
17671,,"Dallas, Pacific & Southeastern Railway",33.094099,-97.744347,33.0940362794325,-97.7443425761774,,,
17685,,Lindenau Community Cemetery,29.117118,-97.387534,29.1183194295674,-97.3876259516363,,,
17690,,Perrin Log Cabin,33.213051,-97.595201,33.1938784404354,-97.598610446693,,,
17701,,Lubbock Women's Club,33.584545,-101.860357,33.584690926845,-101.861381596022,,,
17726,,Oliver Cemetery,30.528608,-97.310409,30.5286036997031,-97.31037842866,,,
17727,,Woodson Lumber Company,30.527793,-96.697263,30.5272045547785,-96.6979902678225,,,
17734,,New Hope Missionary Baptist Church,,,32.5296588628407,-94.9447789409441,,,
17740,,Daniel-Merriwether House,31.361044,-95.181144,31.3635074565118,-95.1816660464776,,,
17741,,Oates Cemetery,,,31.9094277400552,-94.0600179127382,,,
17790,,Hopewell Cemetery,33.323378,-97.629362,33.3233722493125,-97.629795917331,,,
17852,,Hickory Grove Baptist Church,,,32.3204930002977,-94.7981179998482,,,
17876,,Jay Justin Clarke,32.32789,-96.628824,32.3279084126012,-96.6287324552832,,,
17881,,Cedar Grove Baptist Church,32.104179,-94.41071,31.4861027156404,-93.8008230757419,,,
17886,,Brown Cemetery,,,31.2679918668239,-94.4328578399811,,,
17895,,W. D. McFarlin Building,33.019725,-96.700614,33.019757007379,-96.7004774245412,,,
17904,,Fred Schimelpfenig Building,33.019976,-96.700164,33.0197582097267,-96.7001828302228,,,
17915,,Rio Grande Valley Livestock Show,26.158859,-97.913675,26.1639496825403,-97.9129422709363,,,
17923,,"Huntsville Branch Railway, Tilley's Tap",30.7198637923049,-95.5503973200961,30.7198940888895,-95.5503157869809,,,
17924,,John May Cemetery,,,31.9028647447107,-94.1189235791482,,,
17926,,Holly Springs United Methodist Church,,,32.4368959883635,-95.7737793453384,,,
17937,,Site of Old Town Paradise,33.141585,-97.696756,33.1418104574891,-97.6963159079377,,,
17940,,Coal Mining in Las Minas: San Tomas Coal Field,27.708794,-99.732043,27.7088720577594,-99.73192291296,,,
17943,,Turner-Davis Ranch Headquarters,30.02418,-100.540442,30.024169959457,-100.540368153616,,,
17967,,Brummett Cemetery,31.79054,-97.94061,31.7899482271735,-97.9325931132289,,,
17985,,Captain Randolph B. Marcy's Southern Route Expedition,,,31.8967046093781,-102.561882287533,,,
17990,,Higginbotham Brothers and Company,,,32.1254965840987,-99.1653128332496,,,
18010,,Indian Mott Skirmish,30.039639,-92.070048,30.0396186090987,-98.0699928107382,,,
18011,,C.W. Burdett,30.03937,-98.069014,30.0394049914072,-98.068936020685,,,
18028,,Fritz Paul and Emma Schroeder House,,,30.2790605759796,-96.3077115111429,,,
18029,,Trinity Methodist Church,30.700109,-98.957865,30.700148884578,-98.9579122805853,,,
18069,,Claire Chennault (CHINESE LANGUAGE MARKER),33.248378,-95.902881,33.248179174699,-95.9028836065081,,,
18120,,Thomas Johnson School,,,31.3521005924173,-93.8158073984209,,,
18150,,Francis Heritage House,32.333725,-95.326207,32.3329675447496,-95.3265016017645,,,marker pending
18160,,Page Cemetery,31.115044,-94.600133,31.1151010842128,-94.6000456252333,,,
18180,,Broyles Chapel Missionary Baptist Church,30.851022,-95.391915,30.8523471675991,-95.3949046349176,,,
18182,,1886 Kitchen/Mess Hall,29.306661,-100.41969,29.3063343352684,-100.419730869416,,,
18191,,Waldo Mathews High School,,,30.3497194334075,-94.1721011604565,,,
18220,,T. A. and Emma Sloan House,,,31.1606035135767,-98.9111470319383,,,
18225,,Springhill Missionary Baptist Church,30.728429,-94.032714,30.728283471908,-94.0330008376244,,,
18231,,Merchants Exchange Bank,,,27.5985422866724,-98.4134412126413,,,
18232,,Washington Cemetery,30.081759,-97.023037,30.0813849598655,-97.0232094230957,,,
18234,,James Bayliss Buck Farmstead,31.131569,-97.000126,31.1301331517904,-96.9994557099517,,,
18275,,Cross Plains Review,32.125234,-99.164757,32.1251871054421,-99.16477614439,,,
18281,,Old Shady Grove Cemetery,,,31.2540605962661,-95.2911961161294,,,
18285,,J. J. Hamilton Log Cabin,32.741451,-97.783959,32.7410666268774,-97.7850018905769,,,
18303,,George Tyler Wood,30.739829,-95.208226,30.7398459784092,-95.2082710613548,,,
18309,,Midland County,31.997678,-102.076184,32.0141268295056,-102.00131318419,,,
18320,,Lorraine Crosby School,29.335731,-95.008812,29.3390247591038,-95.0073549706595,,,
18329,,Barbette,30.517157,-97.69678,30.5171498944209,-97.6967685833848,,,marker pending
18354,,Benjamin Dudley Tarlton Dougherty,28.418297,-97.734854,28.3132373703873,-97.7008854719264,,,
18356,,Fairview Baptist Church and Cemetery,31.791322,-97.402932,31.790854222014,-97.4032149171862,,,
18365,,Oden Cemetery,,,32.1318913638913,-97.8737066957456,,,
18373,,John Henley Hill House,30.917628,-95.363465,30.9178697898437,-95.362373869915,,,
18420,,El Paso High School,31.771944,-106.490621,31.7726011072676,-106.491026025809,,,
18422,,Smith Point Community Church,29.531514,-94.759439,29.5329757439112,-94.759703593136,,,
18436,,Mary Allen Oliver Cemetery,31.00719,-97.409709,31.0139361345867,-97.4222823590265,,,
18440,,Blake Cemetery,,,32.0290497006434,-99.0363291062309,,,
18458,,Shiloh Cemetery,32.518163,-96.89535,29.5450636021488,-96.86491894751,,,
18490,,Angier Farm,30.67732,-95.486618,30.67734321977,-95.486620350871,,,
18499,,Hammer-McFaddin-Harris Cemetery,,,29.6024366602034,-95.0483292900318,,,
18513,,W.T. Barrett Stadium,31.86473,-102.387187,31.8645293091682,-102.386354571402,,,
18514,,Gardendale,32.023473,-102.381238,32.0231557435611,-102.381509467202,,,
18516,,Audie Murphy Arena,32.214247,-98.232567,32.2139814086269,-98.2324155884816,,,
18517,,Gentry and Shelton Building,32.219931,-98.201519,32.2199616549155,-98.2016181911825,,,
18536,,Wimberley-Hughes House,29.998463,-98.100113,29.9978968532807,-98.0978390469363,,,
18537,,Miss Lillie Dobie's House,29.994516,-98.100241,29.9945261383926,-98.1002399952852,,,
18549,,Christ Lutheran Church,30.560636,-97.385148,30.5553363409083,-97.3150336079358,,,
18574,,The Hon. Samuel Boyd Patton,29.947033,-98.55894,29.9496365546855,-98.5633629698456,,,
18575,,Bushdale Cemetery,,,30.6829563265929,-97.0425765774891,,,
18586,,Farm Workers Movement in Texas,26.376354,-98.857441,26.3856046,-98.8546538,,,
18609,,Waite Cemetery,31.211347,-96.77098,31.2113852454193,-96.7708679280357,,,
18618,,Olds Cemetery,30.8326,-94.018147,30.812704478972,-94.0164703075239,,,
18631,,Lowe Cemetery,31.159937,-93.963567,31.1600318160367,-93.9641834107126,,,
18633,,Rector Cemetery,,,30.3545495694886,-97.5565306513702,,,
18639,,Pearce-Maxwell Cemetery,,,29.116760178285,-98.3816826526737,,,
18642,,Friedens Church of Washington UCC Cemetery,30.288554,-96.166614,30.287202417676,-96.1670217952857,,,
18653,,Echols Cemetery on Jennings Mountain,32.277142,-95.622363,32.2763302651386,-95.6200605236512,,,
18654,,Beck's Chapel Cemetery,,,32.056471753303,-95.9201006811996,,,
18663,,Old Union Cemetery,,,33.3234621382245,-96.7795419644435,,,
18672,,First United Methodist Church of Crawford,31.532723,-97.445704,31.5328290848721,-97.4458801120962,,,
18674,,H. J. and Cora Hudson House,31.384058,-97.215385,31.383504992895,-97.2153645192621,,,
18677,,Battern Cemetery,32.639195,-97.947889,32.641555012199,-97.9478919259822,,,
18681,,Jacobs Creek School Teacherage,29.847718,-98.172295,29.8294575188404,-98.1643232615551,,,
18683,,Boys Ranch of Copperas Cove,31.056912,-97.881523,31.0563465556879,-97.880581343606,,,
18691,,Paron Cemetery,,,32.6615088526571,-95.1533895337368,,,
18694,,Willie Lee Campbell Glass,32.373021,-95.310906,32.3743868280176,-95.3119737787935,,,
18700,,Ector High School,31.82887,-102.385364,31.8320919897913,-102.370241745227,,,
18701,,St. Joseph Catholic Church,31.839707,-102.353024,31.8398342882363,-102.35295994546,,,
18704,,Hutto Cemetery,31.914012,-94.17224,31.9139864676531,-94.1723062230603,,,
18706,,Harmony Cemetery,32.679834,-97.800019,32.6811410736204,-97.804051459715,,,
18718,,Beulah Baptist Church,,,31.6907939220596,-95.6075570612813,,,
18720,,Boehnke Cemetery,,,29.8578976421099,-97.1285920693996,,,
18730,,Pineland School,,,31.2562001033215,-93.9726655563082,,,
18735,,Oak Ridge Cemetery,33.7547257,-96.4335946,33.7545324202365,-96.4336137079286,,,
18738,,San Elizario Cemetery,,,31.6023059065423,-106.271953624854,,,
18749,,Center Point Christian Church (Disciples of Christ),33.138011,-96.139377,33.0857230538151,-96.0497829166122,,,
18755,,Boyett-McLemore Family Cemetery,30.800526,-93.986423,30.7995131322758,-93.9866794951803,,,
18756,,Lake Wichita,33.84216,-98.530165,33.8430183382645,-98.5360222702715,,,
18760,,Huebner Family Cemetery,,,30.0060702993618,-96.4878254973847,,,
18777,,Station Creek Cemetery,,,31.3709824660898,-97.4929985964189,,,
18793,,Rock Church Cemetery,,,32.298792905319,-97.9601440732783,,,
18795,,Lowe's Chapel Cemetery,32.369874,-94.849786,31.8466297559114,-95.0943781755388,,,
18818,,Hotter 'N Hell Hundred,33.918155,-98.497343,33.9181633546694,-98.4973599771649,,,
18824,,Garden Valley,,,32.52609790009,-95.5418191506625,,,
18850,,Seabrook Cemetery,29.592196,-94.993807,29.592266047232,-94.9937511630192,,,
18851,,Griffith House,32.742309,-96.28367,32.7425302399839,-96.2836263208557,,,
18888,,David Hutcheson McFadin,30.644101,-97.417547,30.6440985597742,-97.4176005581518,,,
18893,,King's Highway - Camino Real - Old San Antonio Road,29.813265,-97.967334,29.5151914644785,-98.4536174938042,,,
18920,,Cora Cemetery,31.798089,-98.434475,31.7980688513669,-98.4344599540207,,,
18921,,Bellville High School,29.945408,-96.256267,29.9442355782674,-96.2570148453048,,,
18924,,Old Glory Cemetery,,,33.1082974193095,-100.018732008877,,,
18925,,Heimer Cemetery,29.864283,-98.266943,29.8640893954491,-98.2670131361469,,,
18928,,KMA Oilfield,33.857468,-98.814112,33.8574595120758,-98.8141534726868,,,
18945,,Cuthand Cemetery,,,33.4610244677952,-95.056246062805,,,
18952,,Cocke Cemetery,,,30.0912725752535,-97.885940654387,,,
19952,,China Creek Cemetery,,,31.2499822251483,-98.7843903218739,,,
19962,,Florence Church of Christ,30.84802,-97.79613,30.8478797766928,-97.7961311637743,,,
19976,,Schulenburg Community Cemetery,,,29.6843582473134,-96.9208441451578,,,
19982,,Leagueville Baptist Church,32.230638,-95.655606,32.2307928334533,-95.6557153009694,,,
19994,,Pleasant Hill Cemetery,,,31.7064624810223,-93.8399953922677,,,
19998,,Woody Cemetery,,,32.8991625707127,-97.6629088937091,,,
20008,,First Christian Church,32.220874,-98.205928,32.2206516834729,-98.2056165767174,,,
20012,,Glendale Congregational Methodist Church,31.015405,-95.298874,31.014413462209,-95.3001725660313,,,
20014,,Fodice Cemetery,,,31.1832271174547,-95.2895047009234,,,
20015,,"San Andres Masonic Lodge No. 170, A.F. & A.M.",30.854337,-96.975155,30.8549805665004,-96.9756036667832,,,
20019,,Bankhead Highway in Ector County,31.86418,-102.331195,31.864207457686,-102.331195224099,,,
20028,,Eagle Lake Christian Church,29.589995,-96.332846,29.5899363441421,-96.3328223354984,,,
20031,,Prairie Dale Cemetery,,,32.0842067901054,-97.1779049050258,,,
20047,,Mary Christian Burleson Cemetery,,,30.3706346165473,-97.3587385828801,,,
20061,,Pleasant Grove Cemetery #1,,,33.1596727013071,-97.5847965359281,,,
20087,,Roach Feed & Seed Company,32.912893,-96.635903,32.9127538586014,-96.6359573368238,,,
20088,,A. J. Head Service Station,32.912333,-96.635152,32.9124288951658,-96.6352011670928,,,
20148,,Rancho del Atascoso,,,29.0911643997238,-98.6807570941697,,,
20167,,King's Highway - Camino Real - Old San Antonio Road,31.603286,-94.655048,31.6029792585521,-94.6544587202467,,,
20182,,Rosita Cemetery,,,27.8697846325704,-97.4725879912553,,,
20190,,James-Duran-Alba Cemetery,30.255492,-98.132829,30.2495121111182,-98.130513993684,,,
20191,,Starrville Cemetery (HTC),32.464627,-95.116327,32.4652978810829,-95.1162249172873,,,
20198,,Parker Cemetery (HTC),,,31.4020938909548,-95.921492703323,,,
22358,,Arceneaux House,29.850254,-94.267907,29.8502708087037,-94.2679119803693,,,
22393,,Dixie Freedom Colony,30.924628,-94.12141,30.9246554292278,-94.1212583942257,,,
22394,,Cicero Howard,29.588826,-96.334277,29.5887353142732,-96.3340599860582,,,
22400,,Florence Robinson Cottage,,,32.5870489748976,-95.1796782991455,,,
22404,,Davis Cemetery,,,30.9778230139966,-94.275711129873,,,
22419,,First Baptist Church of Buna,30.429523,-93.959067,30.4294948970084,-93.9590392214959,,,
22432,,Corporal David Brady Shelton American Legion Post No. 173,32.193075,-95.858473,32.1944273836003,-95.8612568804681,,,
22439,,Lt. Col. James M. Parker Jr.,30.649789,-94.945679,30.6497672926732,-94.9456845738194,,,
22442,,New Hope United Methodist Church,,,32.250725050578,-95.5966284946165,,,
22451,,Glen Cove Cemetery,,,31.849573639286,-99.6249906988907,,,
22455,,Bednar Family Homestead,,,30.0548192402964,-96.5571204183266,,,
22456,,Seaton Cemetery,,,31.3258816131328,-97.5724439630343,,,
22465,,Mt. Tabor Cemetery,,,33.7619172579479,-96.8721782788698,,,
22466,,Pinta Trail Crossing of the Guadalupe River,,,29.9630921342628,-98.7168817209777,,,marker pending
22468,,Historic Log Cribs,29.87993,-99.25929,29.8799024189281,-99.2592790956492,,,
22481,,Cooke-Griffin Methodist Cemetery,30.073089,-94.778062,30.0730895663402,-94.7780347066722,,,
22483,,Watson Cemetery,,,30.9351504223428,-98.0159778893963,,,
22485,,Kilgore Cemetery,28.77018,-97.29711,28.769480720548,-97.2979890895792,,,
22506,,Antioch Cemetery,,,30.0856797493366,-97.8578973327586,,,
22507,,Bridgeport Schools,33.212528,-97.753144,33.2125533293513,-97.7531407050066,,,
22518,,Bear Creek Cemetery,,,32.6075188462516,-97.571769861951,,,
22519,,711 Ranch,29.91049,-98.309983,29.9104639140034,-98.3099434780645,,,
22525,,Wharton Training School,29.31904,-96.114251,29.3189792186346,-96.1144855284452,,,
22539,,Big Eye Cemetery,31.987555,-98.500836,31.8113078144153,-98.5616532124468,,,marker pending
22540,,Shapard Street,,,32.2234956849024,-98.1985034990152,,,
22542,,Mytinger-Richardson House,33.895452,-98.536004,33.895362774019,-98.5360345990254,,,
22561,,St. Paul Missionary Baptist Church,28.93043,-95.632214,28.9297968760356,-95.6325155621163,,,
22564,,Post Oak Island,30.435805,-97.331295,30.4357678393635,-97.3312398072078,,,marker pending
22570,,Antonio López Family Cemetery,,,27.5749539432334,-98.3130721591024,,,
22573,,Wharton County Library,29.327659,-96.093425,29.3277393168035,-96.0925317231606,,,
22585,,Fayette County Poor House and Farm,29.906846,-96.8588,29.90685577045,-96.858865004553,,,marker pending
22608,,Peters-Hacienda Schuetzenverein,29.852937,-96.188895,29.8530610030209,-96.1888107381033,,,
22620,,Martindale School and Gymnasium,29.842804,-97.84503,29.8425343445607,-97.8453312671359,,,
22633,,The Grange in Texas,,,31.4646952667741,-97.396155969771,,,
22647,,Oak Shade Cemetery,30.365844,-94.999905,30.3658519177901,-94.9999158084772,,,
22650,,Yoakum National Bank Building,29.289602,-97.15077,29.2896951915091,-97.1510346527603,,,
22655,,McLean Cemetery,30.894345,-97.290881,30.8943532985264,-97.290860440336,,,
22659,,Montgomery Cemetery,,,31.009322181364,-98.7013995247573,,,
22662,,Cole Family Cemetery,,,32.0201934694637,-97.6420733468342,,,
22667,,Karl Haas Cemetery,29.96242,-98.294584,29.959919048455,-98.2903768323703,,,
22672,,Grandview Cemetery,,,30.6953027406848,-96.3564908258744,,,
22673,,Bishop Cemetery,,,30.9548082568289,-93.9205792350167,,,
22676,,Phantom Hill Cemetery,32.610044,-99.68919,32.6353994519148,-99.681616393429,,,
22678,,Morse Cemetery,30.397307,-93.980903,30.3960189959146,-93.9808011494999,,,
22679,,Bend Cemetery,,,31.6307163434377,-96.5955865629732,,,
22682,,Read Hill Cemetery,,,33.4342887872172,-94.4279178843317,,,
22688,,Danville Cemetery,30.482181,-95.51465,30.4819590443031,-95.5138780014764,,,
22692,,Randall County,34.984941,-101.843616,34.9796724591235,-101.928257882151,,,
22703,,Booker T. Washington School,32.373442,-94.175897,31.6241931280286,-96.2866053494733,,,marker pending
22705,,Alba Ranch,30.246497,-98.154822,30.2485579657116,-98.1539527088736,,,
22708,,Aspermont High School,33.137939,-100.221221,33.1377699908194,-100.222745306371,,,
22710,,Banks-Wood Cemetery,,,30.241847101491,-97.496468900396,,,
22730,,Julius Bremer Family and Rebecca Creek School,29.931092,-98.311184,29.9310436204968,-98.3112165722429,,,
22736,,Straley Cemetery,,,31.3128492607549,-98.1594394905819,,,marker pending
22738,,First Baptist Church of Sutherland Springs,29.2736,-98.05568,29.2734284886008,-98.056459012544,,,marker pending
22742,,First Presbyterian Church of El Campo,29.196584,-96.272688,29.19652755422,-96.272677995496,,,marker pending
22748,,Wharton Hispanic Cemetery,,,29.3103935677391,-96.0902826116137,,,marker pending
22752,,Victoria Taylor Walker,,,29.7732350635586,-94.9157237984625,,,
22773,,Pleasant Valley Cemetery,,,31.9132373352311,-98.9291935576613,,,marker pending
22786,,Biloxi Evergreen Cemetery,,,30.6578722862085,-93.7806347009634,,,marker pending
22789,,Max Faget House and Workshop,29.443131,-95.076021,29.4425764061319,-95.0768707812852,,,marker pending
22791,,William C. Abbott,30.062242,-94.794628,30.0627664856949,-94.7944434124393,,,marker pending
22801,,Glass Manufacturing in Wise County,33.234929,-97.579007,33.234860820883,-97.578982579682,,,marker pending
22814,,Lt. Col. Thadd Blanton,33.630711,-97.126969,33.630746289785,-97.126998331103,,,marker pending
22833,,Freedman Town,,,30.3800602281759,-96.083521539525,,,marker pending
22834,,First Baptist Church of Lavon,33.025051,-96.43501,33.0250414824938,-96.4347504650734,,,marker pending
22839,,Braniff International Flight 542,31.453185,-96.019858,31.4514176323772,-96.0063226203231,,,marker pending
22841,,Linnie Roberts Elementary School,28.969307,-95.975127,28.9692502284696,-95.9753784898322,,,marker pending
22843,,Education in Plantersville,30.333803,-95.861669,30.333848278501,-95.861700305074,,,marker pending
23224,,Draper-Moseley Cemetery,,,30.6126324657205,-96.5664473345409,,,
23269,,King's Highway - Camino Real - Old San Antonio Road,29.813265,-97.967334,29.7943603069976,-98.0139020437954,,,
23275,,King's Highway - Camino Real - Old San Antonio Road,29.813265,-97.967334,29.8132196552161,-97.9674776538288,,,
23335,,Alley Cemetery,,,29.677037996019,-96.4539426768371,,,marker pending
23356,,Kennedale United Methodist Church,32.6468,-97.22585,32.646285010654,-97.224022921526,,,marker pending
23377,,Civil War Dissent In North Texas,33.623641,-97.138935,33.62361941578,-97.138995532724,,,marker pending
23406,,Episcopal Church of St. Michael and All Angels,35.210871,-100.247821,35.2108379716529,-100.247798529516,,,marker pending
23430,,County Line Cemetery,31.216071,-100.68991,31.2160622356722,-100.689930785436,,,
23431,,Knickerbocker Catholic Community Cemetery,31.256524,-100.624652,31.2565186836142,-100.624627055303,,,
23435,,Buckner Cemetery,,,33.2188774537365,-96.6676903741785,,,marker pending
23442,,Oakland Cemetery,,,32.2669675551592,-97.2210256989406,,,marker pending
23524,,Redbud Cemetery,,,33.803774813287,-97.618668131449,,,
23525,,Childress Army Air Field,,,34.4321892097407,-100.281313220058,,,
23550,,Peal-Pleasant Valley Cemetery,,,30.0007587924631,-98.2023888580255,,,marker pending
23579,,Chalk Mountain Masonic Lodge #894 A.F. & A.M.,,,32.1541896111355,-97.9079571134093,,,
23584,,Stockton Charco Cemetery,,,28.7327459644705,-97.6415699351271,,,
23598,,Stonewall Jackson Hotel,26.131704,-97.630057,26.1317990688237,-97.6301822129744,,,
23681,,Cole Theatre,29.559003,-95.806766,29.5586791352154,-95.8068576620633,,,
23798,,First East Bernard School,29.344711,-96.090427,29.3438303686714,-96.092123782763,,,
23819,,Ranger National Guard Armory and the Barrow Gang,32.471621,-98.683073,32.4717068361317,-98.6831074970581,,,
23826,,Sonny Sessions,,,31.7839923124737,-96.3418480037851,,,
23839,,Garden of Memories Cemetery,,,31.1493943099216,-102.236018789899,,,
23893,,First Baptist Church of West Orange,30.084767,-93.751189,30.0932472821265,-93.7345356044086,,,
23922,,Birthsite of Beauford H. Jester,32.089155,-96.468242,32.0889089595554,-96.468556506665,,,
23981,,King's Highway - Camino Real - Old San Antonio Road,,,31.565292961276,-94.4892553705729,,,
23992,,Here Was the Camp of the Army of the Republic of Texas,,,32.6198729055497,-95.5306864904577,,,
24001,,Runnels County,31.739339,-99.945444,31.7387615141193,-99.9461956936446,,,
24227,,Lou Huff Park,32.91057,-96.62697,32.909601981306,-96.624710623391,,,
24312,,Bethlehem Baptist Church,32.55666,-97.16247,32.556361710068,-97.162197730204,,,
24348,,Oak Grove Colored - Graham Colored - Johnston Cemetery,33.113108,-98.587793,33.1133071303022,-98.5874446595914,,,
